{"stat.drop.minecraft.stone_pickaxe":1,"stat.useItem.minecraft.bow":4,"stat.pickup.minecraft.bone":1,"stat.horseOneCm":199210,"stat.leaveGame":1,"stat.drop.minecraft.stone_shovel":1,"stat.mineBlock.minecraft.cobblestone":17,"stat.useItem.minecraft.log2":1,"stat.pickup.minecraft.stone_pickaxe":1,"stat.pickup.minecraft.flint":1,"stat.swimOneCm":8366,"stat.climbOneCm":3933,"stat.useItem.minecraft.planks":1,"stat.pickup.minecraft.glowstone_dust":2,"stat.pickup.minecraft.cooked_porkchop":10,"stat.pickup.minecraft.porkchop":9,"stat.pickup.foodexpansion.itemhorsemeat":3,"stat.useItem.minecraft.dirt":2,"stat.useItem.minecraft.stone_slab2":34,"stat.pickup.minecraft.bow":1,"stat.useItem.minecraft.water_bucket":3,"stat.mineBlock.minecraft.red_mushroom":2,"stat.pickup.minecraft.sand":1,"stat.drop.spartanshields.shield_basic_stone":1,"stat.craftItem.minecraft.lapis_block":2,"stat.craftItem.minecraft.stone_axe":1,"stat.craftItem.minecraft.stone_pickaxe":3,"stat.pickup.minecraft.cobblestone":14,"stat.craftItem.minecraft.stone_sword":1,"stat.flyOneCm":153837,"stat.drop.minecraft.iron_helmet":3,"stat.craftItem.simpledifficulty.charcoal_filter":3,"stat.mineBlock.minecraft.sand":1,"stat.drop.simpledifficulty.iron_canteen":2,"stat.drop.minecraft.sand":1,"stat.pickup.quark.tallow":8,"stat.mineBlock.minecraft.iron_ore":35,"stat.timeSinceDeath":70224,"stat.craftItem.spartanshields.shield_basic_wood":2,"stat.useItem.spartanweaponry.boomerang_bronze":1,"stat.pickup.minecraft.mutton":4,"stat.pickup.minecraft.mossy_cobblestone":1,"stat.craftItem.minecraft.bed":1,"stat.pickup.wolfarmor.iron_wolf_armor":1,"stat.mineBlock.minecraft.vine":5,"stat.pickup.minecraft.stonebrick":3,"stat.furnaceInteraction":37,"stat.mineBlock.minecraft.dark_oak_stairs":1,"stat.useItem.minecraft.cooked_porkchop":1,"stat.craftItem.spartanweaponry.material":1,"stat.mineBlock.minecraft.coal_ore":60,"stat.pickup.minecraft.string":12,"grue.kill":1,"stat.pickup.minecraft.furnace":4,"stat.useItem.minecraft.cooked_mutton":4,"stat.craftItem.minecraft.stone_slab2":0,"stat.drop.spartanweaponry.boomerang_bronze":3,"stat.sprintOneCm":168267,"stat.killEntity.Horse":1,"stat.mineBlock.minecraft.crafting_table":4,"stat.waystones:waystonesActivated":1,"stat.useItem.minecraft.carrot":9,"stat.pickup.lycanitesmobs.raw_chupacabra_meat":2,"stat.mineBlock.minecraft.planks":4,"stat.drop":61,"stat.playOneMinute":70224,"stat.craftItem.spartanshields.shield_basic_stone":1,"stat.killEntity.Sheep":3,"stat.mineBlock.minecraft.tallgrass":8,"stat.craftItem.minecraft.cooked_mutton":4,"stat.diveOneCm":5743,"stat.drop.lycanitesmobs.raw_chupacabra_meat":2,"stat.pickup.minecraft.wheat":3,"stat.chestOpened":8,"stat.mineBlock.minecraft.mossy_cobblestone":1,"stat.pickup.minecraft.gravel":1,"stat.pickup.minecraft.arrow":4,"stat.craftItem.minecraft.cooked_porkchop":7,"stat.pickup.minecraft.obsidian":2,"stat.pickup.simpledifficulty.iron_canteen":2,"stat.drop.spartanshields.shield_basic_wood":1,"stat.jump":822,"stat.pickup.minecraft.coal":111,"stat.pickup.minecraft.iron_helmet":2,"stat.fallOneCm":14541,"stat.pickup.minecraft.iron_ingot":1,"stat.craftItem.potionfingers.ring":3,"stat.pickup.minecraft.carrot":168,"stat.useItem.minecraft.stone_axe":41,"stat.drop.minecraft.stone_sword":1,"stat.craftItem.minecraft.bread":9,"stat.crouchOneCm":34988,"stat.craftItem.minecraft.iron_ingot":44,"stat.pickup.minecraft.dirt":4,"stat.craftItem.minecraft.iron_helmet":2,"stat.pickup.minecraft.red_mushroom":2,"stat.craftItem.spartanweaponry.battleaxe_iron":1,"stat.craftingTableInteraction":34,"stat.pickup.minecraft.iron_ore":39,"stat.pickup.minecraft.stone_shovel":1,"stat.mineBlock.minecraft.iron_bars":1,"reaper.kill":1,"stat.mineBlock.minecraft.lapis_ore":3,"stat.drop.quark.tallow":8,"stat.mineBlock.minecraft.glass_pane":3,"stat.mineBlock.minecraft.log2":4,"stat.damageTaken":682,"stat.pickup.minecraft.leather":4,"stat.useItem.foodexpansion.itemcookedhorsemeat":1,"stat.pickup.minecraft.feather":6,"stat.pickup.notreepunching.rock/stone":128,"stat.drop.minecraft.bone":4,"stat.mineBlock.minecraft.furnace":4,"stat.mineBlock.minecraft.melon_block":1,"stat.pickup.minecraft.log2":3,"stat.pickup.minecraft.dye":33,"stat.pickup.minecraft.planks":70,"stat.drop.familiarfauna.turkey_leg_raw":1,"stat.pickup.minecraft.reeds":13,"stat.pickup.familiarfauna.turkey_leg_raw":5,"stat.pickup.minecraft.bed":6,"stat.pickup.minecraft.wheat_seeds":8,"stat.pickup.minecraft.potato":45,"stat.mineBlock.minecraft.gravel":2,"stat.useItem.minecraft.stone_pickaxe":181,"stat.useItem.minecraft.stone_sword":19,"stat.damageDealt":2020,"stat.sleepInBed":6,"stat.mineBlock.minecraft.dirt":5,"stat.killEntity.Pig":7,"stat.drop.minecraft.stick":1,"stat.pickup.minecraft.piston":5,"stat.walkOneCm":206117,"stat.useItem.minecraft.bread":9,"stat.animalsBred":2,"stat.pickup.minecraft.stick":17,"stat.pickup.spartanweaponry.longsword_bronze":2,"stat.useItem.minecraft.log":8,"stat.pickup.minecraft.crafting_table":4,"stat.useItem.minecraft.cobblestone":26,"stat.craftItem.minecraft.crafting_table":2,"stat.pickup.toolbelt.belt":2,"stat.pickup.minecraft.log":9,"stat.craftItem.minecraft.wheat":27,"stat.drop.minecraft.carrot":159,"stat.craftItem.mujmajnkraftsbettersurvival.itembigshield":1,"stat.pickup.minecraft.stone":1,"stat.drop.minecraft.potato":45,"stat.killEntity.familiarfauna.turkey":4,"stat.pickup.minecraft.air":0,"stat.drop.spartanweaponry.longsword_bronze":1,"stat.pickup.minecraft.gold_ingot":1,"stat.killEntity.Skeleton":1,"stat.pickup.roughtweaks.salve":2,"stat.craftItem.toolbelt.belt":1,"stat.craftItem.minecraft.bucket":1,"stat.mineBlock.minecraft.stonebrick":5,"stat.pickup.minecraft.stone_sword":1,"stat.pickup.minecraft.dark_oak_stairs":1,"stat.mobKills":22,"stat.pickup.minecraft.quartz":1,"stat.craftItem.foodexpansion.itemcookedhorsemeat":1,"stat.useItem.minecraft.golden_apple":1,"stat.craftItem.minecraft.sugar":4,"stat.craftItem.minecraft.paper":9,"stat.mineBlock.minecraft.piston":3,"stat.pickup.minecraft.torch":1,"stat.sneakTime":8583,"stat.pickup.minecraft.wool":3,"stat.useItem.spartanweaponry.longsword_bronze":9,"stat.mineBlock.minecraft.stone":46,"stat.craftItem.minecraft.cobblestone":34}