{"stat.chestOpened":1,"stat.walkOneCm":21906,"stat.killEntity.Horse":2,"stat.pickup.minecraft.stick":4,"stat.leaveGame":1,"stat.craftItem.minecraft.stone_axe":1,"stat.mineBlock.minecraft.cobblestone":4,"stat.pickup.minecraft.leather":12,"stat.damageTaken":44,"maka.kill":3,"stat.pickup.lycanitesmobs.raw_maka_meat":8,"stat.craftItem.minecraft.stone_pickaxe":1,"stat.mobKills":7,"stat.pickup.minecraft.cobblestone":3,"stat.useItem.minecraft.beef":3,"stat.flyOneCm":74437,"stat.useItem.notreepunching.rock/stone":1,"stat.jump":267,"stat.swimOneCm":1986,"stat.mineBlock.minecraft.leaves":1,"stat.playOneMinute":7909,"stat.fallOneCm":5341,"stat.pickup.minecraft.beef":3,"stat.useItem.minecraft.stone_pickaxe":15,"stat.sneakTime":531,"stat.useItem.minecraft.stone_axe":31,"stat.damageDealt":2112,"stat.pickup.lycanitesmobs.raw_arisaur_meat":1,"stat.pickup.foodexpansion.itemhorsemeat":4,"stat.crouchOneCm":2863,"stat.timeSinceDeath":7909,"stat.killEntity.Cow":1,"stat.sprintOneCm":49878,"stat.useItem.lycanitesmobs.raw_arisaur_meat":1,"stat.craftItem.minecraft.cobblestone":3,"arisaur.kill":1,"stat.diveOneCm":2445,"stat.craftingTableInteraction":3}