{"stat.useItem.minecraft.bow":22,"stat.leaveGame":2,"stat.useItem.lycanitesmobs.cooked_maka_meat":4,"stat.pickup.minecraft.lapis_block":12,"zephyr.kill":1,"stat.useItem.minecraft.planks":36,"stat.pickup.minecraft.glowstone_dust":35,"stat.pickup.minecraft.porkchop":9,"stat.useItem.minecraft.water_bucket":11,"stat.mineBlock.minecraft.red_mushroom":2,"stat.pickup.minecraft.rotten_flesh":1,"stat.pickup.minecraft.sand":1,"stat.craftItem.minecraft.stone_axe":2,"stat.craftItem.minecraft.stone_sword":1,"stat.mineBlock.minecraft.sand":1,"stat.drop.simpledifficulty.iron_canteen":6,"stat.drop.minecraft.sand":1,"stat.pickup.quark.tallow":8,"stat.craftItem.spartanshields.shield_basic_wood":2,"stat.craftItem.minecraft.bed":1,"stat.pickup.wolfarmor.iron_wolf_armor":1,"stat.mineBlock.minecraft.vine":5,"stat.furnaceInteraction":64,"stat.mineBlock.minecraft.dark_oak_stairs":1,"stat.craftItem.spartanweaponry.material":1,"stat.mineBlock.minecraft.lapis_block":12,"stat.pickup.minecraft.beef":1,"stat.pickup.minecraft.furnace":4,"stat.useItem.minecraft.cooked_mutton":4,"stat.pickup.lycanitesmobs.spectralboltcharge":2,"stat.drop.spartanweaponry.boomerang_bronze":3,"stat.killEntity.Horse":1,"afrit.kill":1,"stat.pickup.lycanitesmobs.raw_chupacabra_meat":2,"stat.playOneMinute":132182,"stat.mineBlock.minecraft.tallgrass":20,"stat.craftItem.minecraft.cooked_mutton":4,"stat.chestOpened":25,"stat.pickup.scalinghealth.heartdust":2,"stat.useItem.minecraft.stone":3,"stat.pickup.minecraft.arrow":18,"maka.kill":11,"stat.drop.spartanshields.shield_basic_wood":1,"stat.fallOneCm":36461,"stat.pickup.minecraft.carrot":168,"stat.drop.minecraft.stone_sword":1,"stat.crouchOneCm":54076,"stat.craftItem.minecraft.iron_ingot":55,"stat.pickup.minecraft.red_mushroom":3,"stat.craftItem.spartanweaponry.battleaxe_iron":1,"stat.craftingTableInteraction":57,"stat.drop.quark.tallow":8,"stat.mineBlock.minecraft.log2":4,"stat.useItem.foodexpansion.itemcookedhorsemeat":1,"stat.pickup.minecraft.feather":6,"stat.drop.minecraft.bone":4,"stat.useItem.minecraft.furnace":1,"stat.craftItem.simpledifficulty.iron_canteen":2,"stat.pickup.minecraft.dye":40,"stat.pickup.minecraft.planks":76,"stat.drop.familiarfauna.turkey_leg_raw":1,"barghest.kill":1,"stat.pickup.minecraft.wheat_seeds":8,"stat.mineBlock.minecraft.gravel":2,"stat.useItem.minecraft.stone_pickaxe":233,"stat.useItem.minecraft.stone_sword":19,"stat.mineBlock.minecraft.dirt":8,"arisaur.kill":3,"stat.drop.minecraft.stick":2,"tarantula.kill":1,"stat.useItem.minecraft.bread":9,"stat.pickup.spartanweaponry.longsword_bronze":3,"stat.useItem.minecraft.log":8,"stat.pickup.minecraft.crafting_table":6,"stat.drop.potionfingers.ring":1,"stat.useItem.minecraft.cobblestone":28,"stat.craftItem.minecraft.crafting_table":3,"stat.pickup.toolbelt.belt":3,"stat.pickup.minecraft.log":9,"stat.drop.minecraft.carrot":159,"stat.drop.spartanweaponry.longsword_bronze":2,"stat.pickup.roughtweaks.salve":2,"stat.craftItem.toolbelt.belt":1,"stat.craftItem.minecraft.bucket":1,"stat.pickup.minecraft.stone_sword":1,"stat.useItem.minecraft.stonebrick":1,"stat.drop.notreepunching.rock/stone":1,"stat.craftItem.minecraft.sugar":8,"stat.craftItem.minecraft.paper":15,"stat.sneakTime":13990,"stat.pickup.minecraft.wool":7,"stat.useItem.spartanweaponry.longsword_bronze":86,"stat.craftItem.minecraft.cobblestone":52,"stat.drop.minecraft.stone_pickaxe":1,"stat.pickup.minecraft.bone":7,"stat.horseOneCm":199210,"stat.drop.minecraft.stone_shovel":1,"stat.mineBlock.minecraft.cobblestone":23,"stat.useItem.minecraft.log2":1,"stat.pickup.minecraft.stone_pickaxe":1,"stat.pickup.minecraft.flint":1,"stat.swimOneCm":34559,"stat.climbOneCm":9950,"stat.pickup.minecraft.cooked_porkchop":10,"stat.pickup.defiledlands.scarlite":1,"stat.pickup.foodexpansion.itemhorsemeat":3,"stat.useItem.minecraft.dirt":2,"stat.useItem.minecraft.stone_slab2":51,"stat.pickup.minecraft.bow":1,"stat.drop.spartanshields.shield_basic_stone":1,"stat.craftItem.minecraft.furnace":1,"stat.craftItem.minecraft.lapis_block":3,"stat.drop.toolbelt.belt":1,"stat.craftItem.minecraft.stone_pickaxe":4,"stat.pickup.minecraft.cobblestone":24,"stat.flyOneCm":331015,"stat.drop.minecraft.iron_helmet":3,"stat.craftItem.simpledifficulty.charcoal_filter":21,"stat.mineBlock.minecraft.iron_ore":38,"yale.kill":12,"stat.timeSinceDeath":132182,"stat.useItem.spartanweaponry.boomerang_bronze":1,"stat.pickup.minecraft.mutton":4,"stat.pickup.minecraft.mossy_cobblestone":2,"stat.craftItem.lycanitesmobs.cooked_maka_meat":19,"stat.pickup.minecraft.stonebrick":5,"stat.useItem.minecraft.cooked_porkchop":11,"stat.mineBlock.minecraft.coal_ore":60,"stat.drop.minecraft.wool":1,"stat.killEntity.Creeper":1,"stat.pickup.minecraft.string":18,"makaalpha.kill":1,"grue.kill":1,"stat.pickup.lycanitesmobs.scorchfireballcharge":2,"stat.craftItem.minecraft.stone_slab2":0,"stat.pickup.lycanitesmobs.raw_arisaur_meat":9,"stat.sprintOneCm":368128,"stat.mineBlock.minecraft.crafting_table":6,"stat.waystones:waystonesActivated":1,"stat.useItem.minecraft.carrot":9,"stat.mineBlock.minecraft.planks":4,"stat.drop":72,"stat.craftItem.spartanshields.shield_basic_stone":1,"stat.killEntity.Sheep":6,"stat.diveOneCm":14055,"stat.drop.lycanitesmobs.raw_chupacabra_meat":2,"stat.pickup.minecraft.wheat":3,"stat.mineBlock.minecraft.mossy_cobblestone":2,"stat.pickup.minecraft.gravel":1,"stat.craftItem.minecraft.cooked_porkchop":7,"stat.pickup.minecraft.stone_axe":1,"stat.pickup.minecraft.obsidian":4,"stat.pickup.simpledifficulty.iron_canteen":7,"stat.jump":1843,"stat.pickup.minecraft.coal":112,"stat.pickup.minecraft.iron_helmet":2,"stat.pickup.minecraft.iron_ingot":6,"stat.craftItem.potionfingers.ring":4,"stat.useItem.minecraft.stone_axe":74,"stat.craftItem.minecraft.bread":9,"stat.pickup.minecraft.gunpowder":4,"stat.pickup.minecraft.dirt":4,"stat.craftItem.minecraft.iron_helmet":2,"stat.pickup.minecraft.iron_ore":44,"stat.pickup.minecraft.stone_shovel":1,"stat.mineBlock.minecraft.iron_bars":1,"reaper.kill":2,"stat.mineBlock.minecraft.lapis_ore":3,"stat.mineBlock.minecraft.glass_pane":3,"stat.damageTaken":2267,"stat.pickup.minecraft.leather":25,"stat.pickup.notreepunching.rock/stone":207,"stat.pickup.lycanitesmobs.raw_maka_meat":14,"stat.mineBlock.minecraft.furnace":4,"stat.mineBlock.minecraft.melon_block":1,"stat.mineBlock.minecraft.red_flower":3,"stat.dispenserInspected":1,"stat.pickup.minecraft.log2":3,"stat.pickup.minecraft.reeds":28,"stat.pickup.familiarfauna.turkey_leg_raw":5,"stat.killEntity.CaveSpider":1,"stat.pickup.minecraft.bed":9,"stat.pickup.minecraft.potato":45,"stat.damageDealt":9297,"stat.sleepInBed":11,"stat.killEntity.Cow":1,"stat.killEntity.Pig":7,"stat.pickup.minecraft.piston":5,"geonach.kill":1,"stat.walkOneCm":383221,"stat.animalsBred":3,"stat.pickup.minecraft.stick":41,"spriggan.kill":1,"stat.useItem.spartanweaponry.battleaxe_iron":19,"stat.pickup.grapplemod.grapplinghook":1,"stat.craftItem.minecraft.wheat":27,"stat.craftItem.mujmajnkraftsbettersurvival.itembigshield":1,"stat.pickup.minecraft.stone":5,"stat.drop.minecraft.potato":45,"stat.killEntity.familiarfauna.turkey":4,"stat.pickup.minecraft.air":0,"stat.pickup.minecraft.gold_ingot":1,"stat.killEntity.Skeleton":1,"stat.mineBlock.minecraft.stonebrick":10,"stat.pickup.minecraft.dark_oak_stairs":1,"stat.mineBlock.minecraft.glowstone":12,"stat.mobKills":67,"stat.pickup.minecraft.quartz":3,"stat.craftItem.foodexpansion.itemcookedhorsemeat":1,"stat.useItem.minecraft.golden_apple":1,"stat.pickup.potionfingers.ring":1,"cinder.kill":1,"stat.mineBlock.minecraft.piston":3,"stat.pickup.minecraft.torch":1,"stat.drop.minecraft.beef":1,"stat.mineBlock.minecraft.stone":61}