{"stat.useItem.minecraft.bow":10,"stat.leaveGame":2,"stat.pickup.minecraft.lapis_block":12,"stat.useItem.minecraft.planks":21,"stat.pickup.minecraft.glowstone_dust":17,"stat.pickup.minecraft.porkchop":9,"stat.useItem.minecraft.water_bucket":4,"stat.mineBlock.minecraft.red_mushroom":2,"stat.pickup.minecraft.rotten_flesh":1,"stat.pickup.minecraft.sand":1,"stat.craftItem.minecraft.stone_axe":1,"stat.craftItem.minecraft.stone_sword":1,"stat.mineBlock.minecraft.sand":1,"stat.drop.simpledifficulty.iron_canteen":6,"stat.drop.minecraft.sand":1,"stat.pickup.quark.tallow":8,"stat.craftItem.spartanshields.shield_basic_wood":2,"stat.craftItem.minecraft.bed":1,"stat.pickup.wolfarmor.iron_wolf_armor":1,"stat.mineBlock.minecraft.vine":5,"stat.furnaceInteraction":48,"stat.mineBlock.minecraft.dark_oak_stairs":1,"stat.craftItem.spartanweaponry.material":1,"stat.mineBlock.minecraft.lapis_block":12,"stat.pickup.minecraft.furnace":4,"stat.useItem.minecraft.cooked_mutton":4,"stat.pickup.lycanitesmobs.spectralboltcharge":2,"stat.drop.spartanweaponry.boomerang_bronze":3,"stat.killEntity.Horse":1,"stat.pickup.lycanitesmobs.raw_chupacabra_meat":2,"stat.playOneMinute":106982,"stat.mineBlock.minecraft.tallgrass":19,"stat.craftItem.minecraft.cooked_mutton":4,"stat.chestOpened":25,"stat.pickup.minecraft.arrow":18,"maka.kill":5,"stat.drop.spartanshields.shield_basic_wood":1,"stat.fallOneCm":27571,"stat.pickup.minecraft.carrot":168,"stat.drop.minecraft.stone_sword":1,"stat.crouchOneCm":44917,"stat.craftItem.minecraft.iron_ingot":52,"stat.pickup.minecraft.red_mushroom":3,"stat.craftItem.spartanweaponry.battleaxe_iron":1,"stat.craftingTableInteraction":50,"stat.drop.quark.tallow":8,"stat.mineBlock.minecraft.log2":4,"stat.useItem.foodexpansion.itemcookedhorsemeat":1,"stat.pickup.minecraft.feather":6,"stat.drop.minecraft.bone":4,"stat.useItem.minecraft.furnace":1,"stat.pickup.minecraft.dye":39,"stat.pickup.minecraft.planks":70,"stat.drop.familiarfauna.turkey_leg_raw":1,"stat.pickup.minecraft.wheat_seeds":8,"stat.mineBlock.minecraft.gravel":2,"stat.useItem.minecraft.stone_pickaxe":214,"stat.useItem.minecraft.stone_sword":19,"stat.mineBlock.minecraft.dirt":8,"arisaur.kill":3,"stat.drop.minecraft.stick":2,"tarantula.kill":1,"stat.useItem.minecraft.bread":9,"stat.pickup.spartanweaponry.longsword_bronze":3,"stat.useItem.minecraft.log":8,"stat.pickup.minecraft.crafting_table":5,"stat.drop.potionfingers.ring":1,"stat.useItem.minecraft.cobblestone":26,"stat.craftItem.minecraft.crafting_table":3,"stat.pickup.toolbelt.belt":3,"stat.pickup.minecraft.log":9,"stat.drop.minecraft.carrot":159,"stat.drop.spartanweaponry.longsword_bronze":1,"stat.pickup.roughtweaks.salve":2,"stat.craftItem.toolbelt.belt":1,"stat.craftItem.minecraft.bucket":1,"stat.pickup.minecraft.stone_sword":1,"stat.craftItem.minecraft.sugar":8,"stat.craftItem.minecraft.paper":15,"stat.sneakTime":11294,"stat.pickup.minecraft.wool":6,"stat.useItem.spartanweaponry.longsword_bronze":64,"stat.craftItem.minecraft.cobblestone":36,"stat.drop.minecraft.stone_pickaxe":1,"stat.pickup.minecraft.bone":4,"stat.horseOneCm":199210,"stat.drop.minecraft.stone_shovel":1,"stat.mineBlock.minecraft.cobblestone":20,"stat.useItem.minecraft.log2":1,"stat.pickup.minecraft.stone_pickaxe":1,"stat.pickup.minecraft.flint":1,"stat.swimOneCm":18137,"stat.climbOneCm":6996,"stat.pickup.minecraft.cooked_porkchop":10,"stat.pickup.foodexpansion.itemhorsemeat":3,"stat.useItem.minecraft.dirt":2,"stat.useItem.minecraft.stone_slab2":41,"stat.pickup.minecraft.bow":1,"stat.drop.spartanshields.shield_basic_stone":1,"stat.craftItem.minecraft.lapis_block":3,"stat.craftItem.minecraft.stone_pickaxe":3,"stat.pickup.minecraft.cobblestone":16,"stat.flyOneCm":276274,"stat.drop.minecraft.iron_helmet":3,"stat.craftItem.simpledifficulty.charcoal_filter":21,"stat.mineBlock.minecraft.iron_ore":38,"yale.kill":12,"stat.timeSinceDeath":106982,"stat.useItem.spartanweaponry.boomerang_bronze":1,"stat.pickup.minecraft.mutton":4,"stat.pickup.minecraft.mossy_cobblestone":2,"stat.craftItem.lycanitesmobs.cooked_maka_meat":10,"stat.pickup.minecraft.stonebrick":3,"stat.useItem.minecraft.cooked_porkchop":5,"stat.mineBlock.minecraft.coal_ore":60,"stat.drop.minecraft.wool":1,"stat.pickup.minecraft.string":12,"grue.kill":1,"stat.craftItem.minecraft.stone_slab2":0,"stat.pickup.lycanitesmobs.raw_arisaur_meat":9,"stat.sprintOneCm":315862,"stat.mineBlock.minecraft.crafting_table":5,"stat.waystones:waystonesActivated":1,"stat.useItem.minecraft.carrot":9,"stat.mineBlock.minecraft.planks":4,"stat.drop":68,"stat.craftItem.spartanshields.shield_basic_stone":1,"stat.killEntity.Sheep":3,"stat.diveOneCm":9591,"stat.drop.lycanitesmobs.raw_chupacabra_meat":2,"stat.pickup.minecraft.wheat":3,"stat.mineBlock.minecraft.mossy_cobblestone":2,"stat.pickup.minecraft.gravel":1,"stat.craftItem.minecraft.cooked_porkchop":7,"stat.pickup.minecraft.stone_axe":1,"stat.pickup.minecraft.obsidian":4,"stat.pickup.simpledifficulty.iron_canteen":7,"stat.jump":1430,"stat.pickup.minecraft.coal":112,"stat.pickup.minecraft.iron_helmet":2,"stat.pickup.minecraft.iron_ingot":6,"stat.craftItem.potionfingers.ring":4,"stat.useItem.minecraft.stone_axe":74,"stat.craftItem.minecraft.bread":9,"stat.pickup.minecraft.dirt":4,"stat.craftItem.minecraft.iron_helmet":2,"stat.pickup.minecraft.iron_ore":44,"stat.pickup.minecraft.stone_shovel":1,"stat.mineBlock.minecraft.iron_bars":1,"reaper.kill":2,"stat.mineBlock.minecraft.lapis_ore":3,"stat.mineBlock.minecraft.glass_pane":3,"stat.damageTaken":1224,"stat.pickup.minecraft.leather":10,"stat.pickup.notreepunching.rock/stone":142,"stat.pickup.lycanitesmobs.raw_maka_meat":5,"stat.mineBlock.minecraft.furnace":4,"stat.mineBlock.minecraft.melon_block":1,"stat.mineBlock.minecraft.red_flower":3,"stat.dispenserInspected":1,"stat.pickup.minecraft.log2":3,"stat.pickup.minecraft.reeds":28,"stat.pickup.familiarfauna.turkey_leg_raw":5,"stat.pickup.minecraft.bed":8,"stat.pickup.minecraft.potato":45,"stat.damageDealt":6935,"stat.sleepInBed":9,"stat.killEntity.Pig":7,"stat.pickup.minecraft.piston":5,"geonach.kill":1,"stat.walkOneCm":314317,"stat.animalsBred":3,"stat.pickup.minecraft.stick":18,"spriggan.kill":1,"stat.pickup.grapplemod.grapplinghook":1,"stat.craftItem.minecraft.wheat":27,"stat.craftItem.mujmajnkraftsbettersurvival.itembigshield":1,"stat.pickup.minecraft.stone":1,"stat.drop.minecraft.potato":45,"stat.killEntity.familiarfauna.turkey":4,"stat.pickup.minecraft.air":0,"stat.pickup.minecraft.gold_ingot":1,"stat.killEntity.Skeleton":1,"stat.mineBlock.minecraft.stonebrick":8,"stat.pickup.minecraft.dark_oak_stairs":1,"stat.mineBlock.minecraft.glowstone":5,"stat.mobKills":50,"stat.pickup.minecraft.quartz":1,"stat.craftItem.foodexpansion.itemcookedhorsemeat":1,"stat.useItem.minecraft.golden_apple":1,"stat.pickup.potionfingers.ring":1,"cinder.kill":1,"stat.mineBlock.minecraft.piston":3,"stat.pickup.minecraft.torch":1,"stat.mineBlock.minecraft.stone":49}