{"stat.chestOpened":8,"stat.useItem.notreepunching.rock/andesite":1,"stat.craftItem.minecraft.leather_leggings":1,"stat.mineBlock.minecraft.mossy_cobblestone":5,"stat.drop.foodexpansion.itemhorsemeat":1,"stat.pickup.minecraft.gravel":35,"stat.leaveGame":2,"stat.mineBlock.minecraft.cobblestone":24,"stat.pickup.quark.glass_item_frame":1,"stat.useItem.familiarfauna.venison_raw":2,"stat.pickup.minecraft.flint":4,"maka.kill":19,"stat.useItem.lycanitesmobs.cooked_maka_meat":11,"stat.pickup.notreepunching.rock/andesite":1,"stat.craftItem.spartanweaponry.greatsword_stone":3,"stat.craftItem.notreepunching.grass_string":8,"stat.jump":1029,"stat.swimOneCm":3167,"stat.pickup.minecraft.coal":31,"stat.pickup.minecraft.iron_helmet":1,"stat.fallOneCm":21368,"stat.pickup.minecraft.iron_ingot":15,"stat.pickup.scalinghealth.crystalshard":1,"stat.useItem.minecraft.planks":3,"stat.climbOneCm":1101,"stat.drop.minecraft.dye":1,"stat.useItem.notreepunching.axe/flint":24,"stat.pickup.foodexpansion.itemhorsemeat":1,"stat.crouchOneCm":31572,"stat.craftItem.minecraft.iron_ingot":7,"stat.pickup.minecraft.dirt":2,"stat.useItem.minecraft.stone_slab2":13,"stat.craftItem.comforts.sleeping_bag":2,"stat.pickup.minecraft.iron_boots":1,"stat.craftingTableInteraction":13,"stat.pickup.minecraft.rotten_flesh":21,"stat.craftItem.minecraft.furnace":1,"stat.drop.minecraft.leather_boots":1,"stat.damageTaken":1026,"stat.pickup.minecraft.leather":32,"stat.pickup.minecraft.feather":4,"stat.pickup.notreepunching.rock/stone":49,"stat.pickup.lycanitesmobs.raw_maka_meat":31,"stat.craftItem.minecraft.stone_pickaxe":2,"stat.drop.minecraft.rabbit":1,"stat.pickup.minecraft.cobblestone":23,"stat.useItem.spartanweaponry.greatsword_stone":232,"stat.pickup.minecraft.dye":1,"stat.pickup.minecraft.planks":21,"stat.pickup.minecraft.bed":1,"stat.flyOneCm":224565,"stat.drop.notreepunching.grass_fiber":2,"stat.pickup.minecraft.wheat_seeds":5,"stat.drop.minecraft.wheat_seeds":5,"stat.mineBlock.minecraft.gravel":41,"stat.useItem.minecraft.stone_pickaxe":87,"stat.mineBlock.minecraft.glass":2,"stat.craftItem.minecraft.iron_leggings":1,"stat.damageDealt":10021,"stat.useItem.minecraft.wool":1,"stat.sleepInBed":2,"stat.timeSinceDeath":34077,"stat.mineBlock.minecraft.dirt":4,"arisaur.kill":2,"stat.pickup.minecraft.mutton":3,"stat.pickup.minecraft.mossy_cobblestone":6,"stat.drop.minecraft.stick":1,"kobold.kill":1,"stat.pickup.minecraft.double_plant":1,"stat.walkOneCm":141548,"stat.useItem.minecraft.bread":1,"stat.craftItem.lycanitesmobs.cooked_maka_meat":21,"stat.pickup.minecraft.stick":20,"stat.useItem.notreepunching.knife/flint":36,"stat.useItem.minecraft.log":9,"stat.pickup.minecraft.crafting_table":7,"stat.pickup.minecraft.clay_ball":2,"stat.craftItem.minecraft.crafting_table":1,"stat.furnaceInteraction":28,"stat.useItem.minecraft.gravel":17,"krake.kill":1,"stat.useItem.lycanitesmobs.cooked_krake_meat":1,"stat.craftItem.spartanweaponry.material":3,"stat.mineBlock.minecraft.double_plant":6,"stat.mineBlock.minecraft.coal_ore":36,"stat.craftItem.lycanitesmobs.cooked_krake_meat":1,"stat.pickup.minecraft.log":25,"makaalpha.kill":2,"stat.pickup.comforts.sleeping_bag":1,"stat.drop.minecraft.chicken":1,"stat.pickup.notreepunching.grass_fiber":26,"stat.pickup.minecraft.iron_pickaxe":1,"stat.craftItem.minecraft.stone_slab2":0,"stat.pickup.lycanitesmobs.raw_arisaur_meat":2,"stat.craftItem.minecraft.iron_chestplate":1,"stat.mineBlock.minecraft.wool":6,"stat.pickup.minecraft.chicken":1,"stat.killEntity.familiarfauna.turkey":1,"stat.sprintOneCm":149101,"stat.useItem.rustic.wildberries":5,"stat.pickup.notreepunching.flint_shard":6,"stat.drop.dynamictrees.oakseed":3,"stat.killEntity.Horse":1,"stat.craftItem.minecraft.bucket":1,"stat.killEntity.Chicken":1,"stat.mineBlock.minecraft.crafting_table":7,"stat.killEntity.familiarfauna.deer":2,"stat.craftItem.lycanitesmobs.cooked_arisaur_meat":1,"stat.mobKills":55,"stat.pickup.dynamictrees.oakseed":3,"stat.pickup.lycanitesmobs.raw_krake_meat":2,"stat.pickup.familiarfauna.venison_raw":3,"stat.deaths":1,"stat.craftItem.notreepunching.axe/flint":2,"stat.drop":14,"stat.playOneMinute":46808,"stat.craftItem.minecraft.leather_chestplate":1,"stat.killEntity.Sheep":2,"stat.sneakTime":7321,"stat.pickup.minecraft.wool":8,"stat.pickup.minecraft.rabbit":1,"stat.killEntity.Zombie":16,"stat.craftItem.notreepunching.knife/flint":2,"stat.craftItem.minecraft.cobblestone":18,"stat.mineBlock.minecraft.stone":18,"stat.mineBlock.minecraft.tallgrass":44,"stat.diveOneCm":5514}