{"stat.useItem.minecraft.bow":26,"stat.leaveGame":3,"stat.useItem.lycanitesmobs.cooked_maka_meat":4,"stat.pickup.minecraft.lapis_block":12,"zephyr.kill":1,"stat.useItem.minecraft.planks":37,"stat.pickup.minecraft.glowstone_dust":35,"stat.pickup.minecraft.porkchop":11,"stat.useItem.minecraft.water_bucket":14,"stat.mineBlock.minecraft.red_mushroom":2,"stat.pickup.minecraft.rotten_flesh":1,"stat.pickup.minecraft.sand":1,"stat.craftItem.minecraft.stone_axe":3,"stat.craftItem.minecraft.stone_sword":1,"stat.mineBlock.minecraft.sand":1,"stat.drop.simpledifficulty.iron_canteen":6,"stat.drop.minecraft.sand":1,"stat.pickup.quark.tallow":14,"stat.craftItem.spartanshields.shield_basic_wood":2,"stat.craftItem.wearablebackpacks.backpack":1,"stat.craftItem.minecraft.bed":1,"stat.pickup.wolfarmor.iron_wolf_armor":1,"stat.mineBlock.minecraft.vine":5,"stat.furnaceInteraction":85,"stat.mineBlock.minecraft.dark_oak_stairs":1,"stat.craftItem.spartanweaponry.material":1,"stat.mineBlock.minecraft.lapis_block":12,"stat.pickup.minecraft.beef":1,"stat.pickup.minecraft.furnace":4,"stat.useItem.minecraft.cooked_mutton":4,"stat.pickup.lycanitesmobs.spectralboltcharge":2,"stat.drop.spartanweaponry.boomerang_bronze":3,"stat.pickup.minecraft.iron_chestplate":1,"stat.killEntity.Horse":1,"afrit.kill":1,"stat.pickup.lycanitesmobs.raw_chupacabra_meat":2,"stat.playOneMinute":166915,"stat.drop.wearablebackpacks.backpack":1,"stat.mineBlock.minecraft.tallgrass":27,"stat.craftItem.minecraft.cooked_mutton":4,"stat.chestOpened":25,"stat.pickup.scalinghealth.heartdust":2,"stat.pickup.mujmajnkraftsbettersurvival.itembigshield":2,"stat.useItem.minecraft.stone":3,"stat.pickup.minecraft.arrow":25,"maka.kill":15,"stat.pickup.spartanweaponry.battleaxe_iron":1,"stat.drop.spartanshields.shield_basic_wood":1,"stat.fallOneCm":55179,"stat.drop.minecraft.stone":3,"stat.pickup.minecraft.carrot":168,"stat.drop.minecraft.stone_sword":1,"stat.crouchOneCm":81396,"stat.craftItem.minecraft.iron_ingot":55,"stat.pickup.minecraft.red_mushroom":3,"stat.craftItem.spartanweaponry.battleaxe_iron":1,"stat.craftingTableInteraction":63,"stat.drop.quark.tallow":8,"stat.mineBlock.minecraft.log2":4,"stat.useItem.foodexpansion.itemcookedhorsemeat":1,"stat.pickup.minecraft.feather":10,"stat.drop.minecraft.bone":4,"stat.useItem.minecraft.furnace":1,"stat.craftItem.simpledifficulty.iron_canteen":2,"stat.pickup.minecraft.dye":40,"stat.pickup.minecraft.planks":79,"stat.drop.familiarfauna.turkey_leg_raw":1,"stat.pickup.minecraft.iron_leggings":1,"barghest.kill":1,"stat.pickup.minecraft.wheat_seeds":8,"stat.mineBlock.minecraft.gravel":104,"stat.useItem.minecraft.stone_pickaxe":283,"stat.useItem.minecraft.stone_sword":19,"stat.mineBlock.minecraft.dirt":10,"arisaur.kill":5,"stat.drop.minecraft.stick":2,"tarantula.kill":1,"stat.useItem.minecraft.bread":9,"stat.pickup.spartanweaponry.longsword_bronze":3,"stat.useItem.minecraft.log":8,"stat.pickup.minecraft.crafting_table":6,"stat.drop.potionfingers.ring":1,"stat.useItem.minecraft.cobblestone":28,"stat.craftItem.minecraft.crafting_table":3,"stat.useItem.minecraft.gravel":53,"stat.pickup.toolbelt.belt":3,"stat.pickup.minecraft.log":17,"stat.drop.minecraft.carrot":159,"stat.pickup.minecraft.chicken":2,"stat.drop.spartanweaponry.longsword_bronze":2,"stat.pickup.roughtweaks.salve":2,"stat.craftItem.toolbelt.belt":1,"stat.craftItem.minecraft.bucket":2,"stat.pickup.minecraft.stone_sword":1,"stat.useItem.minecraft.stonebrick":1,"stat.drop.notreepunching.rock/stone":1,"stat.craftItem.minecraft.cooked_chicken":2,"stat.craftItem.minecraft.sugar":8,"stat.craftItem.minecraft.paper":15,"stat.sneakTime":21350,"stat.pickup.minecraft.wool":7,"stat.useItem.spartanweaponry.longsword_bronze":86,"stat.pickup.minecraft.stone_slab":9,"stat.craftItem.minecraft.cobblestone":52,"stat.drop.minecraft.stone_pickaxe":1,"stat.pickup.minecraft.bone":16,"stat.horseOneCm":199210,"stat.drop.minecraft.stone_shovel":1,"stat.mineBlock.minecraft.cobblestone":38,"stat.useItem.minecraft.log2":1,"stat.pickup.minecraft.stone_pickaxe":2,"stat.pickup.minecraft.flint":9,"stat.swimOneCm":40934,"stat.climbOneCm":9950,"stat.drop.minecraft.cobblestone":15,"stat.pickup.minecraft.cooked_porkchop":10,"stat.pickup.defiledlands.scarlite":1,"stat.pickup.foodexpansion.itemhorsemeat":3,"stat.useItem.minecraft.dirt":13,"stat.useItem.minecraft.stone_slab2":69,"stat.pickup.minecraft.bow":2,"stat.pickup.minecraft.iron_boots":2,"stat.drop.spartanshields.shield_basic_stone":1,"stat.craftItem.minecraft.furnace":1,"stat.craftItem.minecraft.lapis_block":3,"stat.drop.toolbelt.belt":1,"stat.craftItem.minecraft.stone_pickaxe":4,"stat.pickup.minecraft.cobblestone":44,"stat.useItem.minecraft.stone_shovel":105,"stat.flyOneCm":441244,"stat.drop.minecraft.iron_helmet":3,"stat.craftItem.simpledifficulty.charcoal_filter":21,"stat.mineBlock.minecraft.iron_ore":38,"yale.kill":12,"stat.timeSinceDeath":166915,"stat.useItem.spartanweaponry.boomerang_bronze":1,"stat.drop.minecraft.log":8,"stat.pickup.minecraft.mutton":4,"stat.pickup.minecraft.mossy_cobblestone":13,"stat.craftItem.lycanitesmobs.cooked_maka_meat":29,"stat.pickup.minecraft.stonebrick":5,"stat.useItem.minecraft.cooked_porkchop":13,"stat.mineBlock.minecraft.coal_ore":72,"stat.drop.minecraft.wool":1,"stat.killEntity.Creeper":2,"stat.pickup.minecraft.string":18,"makaalpha.kill":1,"grue.kill":1,"stat.pickup.lycanitesmobs.scorchfireballcharge":2,"stat.craftItem.minecraft.stone_slab2":0,"stat.pickup.lycanitesmobs.raw_arisaur_meat":9,"stat.drop.spartanweaponry.battleaxe_iron":1,"stat.sprintOneCm":410558,"stat.mineBlock.minecraft.stone_slab":7,"stat.useItem.minecraft.stone_slab":6,"stat.mineBlock.minecraft.crafting_table":6,"stat.waystones:waystonesActivated":1,"stat.useItem.minecraft.carrot":9,"stat.mineBlock.minecraft.planks":4,"stat.drop":80,"stat.craftItem.spartanshields.shield_basic_stone":1,"stat.killEntity.Sheep":6,"stat.drop.minecraft.iron_boots":1,"stat.killEntity.Zombie":2,"stat.diveOneCm":18824,"stat.drop.lycanitesmobs.raw_chupacabra_meat":2,"stat.pickup.minecraft.wheat":3,"stat.mineBlock.minecraft.mossy_cobblestone":15,"stat.pickup.minecraft.gravel":89,"stat.craftItem.minecraft.cooked_porkchop":9,"stat.pickup.minecraft.stone_axe":3,"stat.pickup.minecraft.obsidian":4,"stat.pickup.simpledifficulty.iron_canteen":7,"stat.jump":2386,"stat.pickup.minecraft.coal":124,"stat.pickup.minecraft.iron_helmet":3,"stat.pickup.minecraft.iron_ingot":6,"stat.craftItem.potionfingers.ring":4,"stat.useItem.minecraft.stone_axe":83,"stat.craftItem.minecraft.bread":9,"stat.pickup.minecraft.gunpowder":6,"stat.pickup.minecraft.dirt":18,"stat.craftItem.minecraft.iron_helmet":2,"stat.pickup.minecraft.iron_ore":44,"stat.pickup.minecraft.stone_shovel":1,"stat.mineBlock.minecraft.iron_bars":1,"reaper.kill":2,"stat.mineBlock.minecraft.lapis_ore":3,"stat.mineBlock.minecraft.glass_pane":3,"stat.damageTaken":2540,"stat.pickup.minecraft.leather":32,"stat.pickup.notreepunching.rock/stone":207,"stat.pickup.lycanitesmobs.raw_maka_meat":20,"stat.mineBlock.minecraft.furnace":4,"stat.mineBlock.minecraft.melon_block":1,"stat.mineBlock.minecraft.red_flower":3,"stat.dispenserInspected":1,"stat.pickup.minecraft.log2":3,"stat.pickup.minecraft.reeds":28,"stat.pickup.familiarfauna.turkey_leg_raw":5,"stat.killEntity.CaveSpider":2,"stat.pickup.minecraft.bed":14,"stat.pickup.minecraft.potato":45,"stat.damageDealt":11905,"stat.sleepInBed":14,"stat.killEntity.Cow":1,"stat.killEntity.Pig":8,"stat.pickup.minecraft.piston":5,"stat.craftItem.minecraft.stone_shovel":1,"geonach.kill":1,"stat.walkOneCm":446138,"stat.animalsBred":3,"stat.pickup.minecraft.stick":43,"spriggan.kill":2,"stat.useItem.minecraft.lava_bucket":15,"stat.useItem.spartanweaponry.battleaxe_iron":52,"stat.pickup.grapplemod.grapplinghook":1,"stat.craftItem.minecraft.wheat":27,"stat.craftItem.mujmajnkraftsbettersurvival.itembigshield":1,"stat.pickup.minecraft.stone":8,"stat.drop.minecraft.potato":45,"stat.killEntity.familiarfauna.turkey":4,"stat.pickup.minecraft.air":0,"stat.pickup.minecraft.gold_ingot":2,"stat.killEntity.Skeleton":1,"stat.mineBlock.minecraft.stonebrick":10,"stat.killEntity.Chicken":2,"stat.pickup.minecraft.dark_oak_stairs":1,"stat.mineBlock.minecraft.glowstone":12,"stat.mobKills":81,"stat.pickup.minecraft.quartz":3,"stat.craftItem.foodexpansion.itemcookedhorsemeat":1,"stat.useItem.minecraft.golden_apple":2,"stat.useItem.minecraft.mossy_cobblestone":5,"stat.pickup.potionfingers.ring":1,"cinder.kill":1,"stat.mineBlock.minecraft.piston":3,"stat.pickup.minecraft.torch":1,"stat.drop.minecraft.beef":1,"stat.drop.minecraft.stone_axe":1,"stat.mineBlock.minecraft.stone":61}