{"stat.useItem.minecraft.bow":12,"stat.leaveGame":3,"stat.useItem.lycanitesmobs.cooked_maka_meat":12,"stat.drop.minecraft.redstone":2,"stat.pickup.inspirations.edibles":1,"stat.mineBlock.minecraft.sandstone":2,"stat.useItem.minecraft.planks":51,"stat.pickup.minecraft.glowstone_dust":2,"stat.useItem.minecraft.water_bucket":16,"stat.drop.minecraft.poisonous_potato":1,"stat.pickup.minecraft.rotten_flesh":2,"stat.pickup.notreepunching.rock/sandstone":6,"stat.craftItem.minecraft.stone_axe":5,"stat.pickup.iceandfire.witherbone":2,"stat.useItem.locks.wood_lock_pick":1,"stat.pickup.minecraft.chainmail_chestplate":1,"stat.pickup.spartanshields.shield_basic_stone":2,"stat.craftItem.minecraft.wooden_hoe":1,"stat.craftItem.spartanshields.shield_basic_wood":1,"stat.drop.minecraft.diamond":1,"stat.craftItem.minecraft.wooden_pickaxe":1,"stat.craftItem.wearablebackpacks.backpack":1,"stat.pickup.minecraft.double_plant":2,"stat.pickup.lycanitesmobs.raw_joust_meat":24,"stat.pickup.minecraft.armor_stand":3,"stat.trappedChestTriggered":1,"stat.mineBlock.minecraft.vine":1,"stat.furnaceInteraction":96,"stat.craftItem.spartanweaponry.material":1,"stat.pickup.iceandfire.dragon_skull":1,"stat.pickup.minecraft.filled_map":1,"stat.pickup.minecraft.beef":28,"stat.pickup.minecraft.furnace":5,"stat.pickup.lycanitesmobs.spectralboltcharge":10,"stat.pickup.minecraft.iron_chestplate":2,"stat.pickup.minecraft.skull":1,"stat.killEntity.Horse":7,"stat.useItem.minecraft.wheat_seeds":38,"stat.pickup.lycanitesmobs.raw_krake_meat":2,"stat.deaths":1,"stat.playOneMinute":172101,"stat.pickup.minecraft.item_frame":3,"stat.pickup.minecraft.iron_bars":1,"stat.mineBlock.minecraft.tallgrass":47,"stat.chestOpened":38,"stat.pickup.minecraft.arrow":1,"maka.kill":9,"stat.craftItem.minecraft.coal":24,"stat.drop.lycanitesmobs.raw_arisaur_meat":6,"stat.mineBlock.iceandfire.fire_lily":1,"stat.fallOneCm":99732,"stat.pickup.minecraft.carrot":36,"stat.crouchOneCm":53960,"stat.craftItem.minecraft.iron_ingot":8,"stat.pickup.minecraft.red_mushroom":1,"stat.drop.lycanitesmobs.cooked_maka_meat":1,"stat.craftItem.spartanweaponry.battleaxe_iron":1,"stat.craftingTableInteraction":49,"stat.craftItem.spartanweaponry.arrow_iron":12,"stat.useItem.lycanitesmobs.cooked_joust_meat":12,"stat.pickup.minecraft.feather":22,"stat.drop.minecraft.bone":3,"stat.useItem.minecraft.furnace":1,"stat.craftItem.simpledifficulty.iron_canteen":5,"stat.pickup.minecraft.planks":124,"stat.pickup.minecraft.iron_leggings":2,"stat.pickup.minecraft.wheat_seeds":51,"stat.useItem.minecraft.stone_pickaxe":119,"stat.killEntity.Rabbit":2,"stat.mineBlock.minecraft.dirt":55,"arisaur.kill":12,"stat.drop.minecraft.reeds":3,"stat.pickup.minecraft.chainmail_boots":1,"stat.pickup.minecraft.poisonous_potato":1,"stat.flowerPotted":1,"stat.useItem.minecraft.torch":4,"stat.useItem.minecraft.bread":6,"joustalpha.kill":1,"stat.useItem.minecraft.log":8,"stat.pickup.minecraft.crafting_table":12,"stat.useItem.minecraft.cobblestone":5,"stat.craftItem.minecraft.crafting_table":2,"stat.useItem.lycanitesmobs.cooked_krake_meat":1,"stat.useItem.toolbelt.belt":1,"stat.pickup.toolbelt.belt":1,"stat.pickup.minecraft.log":25,"stat.pickup.minecraft.chicken":13,"stat.pickup.lycanitesmobs.cooked_joust_meat":1,"stat.pickup.minecraft.chainmail_leggings":1,"stat.pickup.minecraft.beetroot":12,"stat.craftItem.toolbelt.belt":1,"stat.pickup.minecraft.diamond_helmet":1,"stat.mineBlock.minecraft.log":27,"stat.useItem.inspirations.edibles":1,"stat.pickup.iceandfire.dragonbone":3,"stat.pickup.bountifulbaubles.trinketbezoar":3,"stat.craftItem.minecraft.paper":18,"stat.useItem.minecraft.beetroot_seeds":16,"stat.pickup.minecraft.red_flower":2,"stat.sneakTime":13057,"stat.pickup.minecraft.wool":2,"stat.useItem.minecraft.baked_potato":5,"stat.craftItem.minecraft.cobblestone":9,"stat.drop.minecraft.stone_pickaxe":1,"stat.drop.foodexpansion.itemhorsemeat":1,"stat.pickup.minecraft.bone":11,"stat.drop.minecraft.beetroot":12,"stat.mineBlock.minecraft.cobblestone":34,"stat.drop.minecraft.glowstone_dust":2,"stat.pickup.minecraft.flower_pot":1,"stat.mineBlock.minecraft.stained_glass_pane":2,"stat.swimOneCm":68193,"stat.climbOneCm":7773,"stat.pickup.foodexpansion.itemhorsemeat":21,"stat.useItem.minecraft.dirt":43,"stat.useItem.minecraft.stone_slab2":91,"stat.pickup.minecraft.iron_boots":3,"stat.drop.spartanshields.shield_basic_stone":1,"stat.craftItem.minecraft.furnace":1,"stat.drop.toolbelt.belt":1,"stat.craftItem.minecraft.stone_pickaxe":3,"stat.craftItem.minecraft.cooked_beef":6,"stat.pickup.minecraft.cobblestone":33,"stat.mineBlock.minecraft.carpet":1,"stat.craftItem.minecraft.bow":1,"stat.pickup.minecraft.diamond_leggings":1,"stat.flyOneCm":756237,"stat.pickup.minecraft.soul_sand":1,"stat.drop.minecraft.wheat_seeds":5,"stat.useItem.minecraft.cooked_beef":1,"stat.pickup.minecraft.redstone":2,"stat.mineBlock.minecraft.iron_ore":24,"stat.timeSinceDeath":128152,"stat.drop.minecraft.spider_eye":1,"stat.pickup.minecraft.mutton":4,"stat.craftItem.lycanitesmobs.cooked_maka_meat":15,"stat.useItem.minecraft.potato":73,"stat.pickup.minecraft.chainmail_helmet":1,"krake.kill":1,"stat.pickup.minecraft.carpet":1,"stat.drop.minecraft.beetroot_seeds":4,"stat.mineBlock.minecraft.coal_ore":31,"stat.drop.minecraft.wool":1,"stat.pickup.minecraft.shield":1,"stat.craftItem.lycanitesmobs.cooked_krake_meat":1,"stat.pickup.minecraft.string":9,"stat.craftItem.minecraft.stone_slab2":0,"stat.pickup.lycanitesmobs.raw_arisaur_meat":24,"stat.killEntity.Squid":1,"stat.craftItem.lycanitesmobs.cooked_joust_meat":11,"stat.sprintOneCm":556097,"stat.craftItem.spartanweaponry.bolt":12,"stat.mineBlock.minecraft.crafting_table":10,"stat.waystones:waystonesActivated":4,"stat.craftItem.lycanitesmobs.cooked_arisaur_meat":16,"stat.pickup.minecraft.diamond_chestplate":1,"stat.drop.rustic.wildberries":1,"stat.mineBlock.minecraft.planks":8,"stat.drop":77,"stat.craftItem.spartanshields.shield_basic_stone":1,"stat.killEntity.Sheep":6,"joust.kill":8,"stat.useItem.minecraft.ladder":1,"stat.drop.minecraft.iron_boots":1,"stat.pickup.lycanitesmobs.raw_yale_meat":4,"stat.craftItem.minecraft.dye":12,"stat.diveOneCm":41521,"stat.pickup.minecraft.wheat":22,"stat.pickup.iceandfire.dragonscales_bronze":22,"stat.drop.minecraft.wooden_pickaxe":1,"stat.drop.minecraft.cooked_beef":5,"stat.pickup.minecraft.stone_axe":1,"stat.pickup.minecraft.obsidian":2,"stat.pickup.simpledifficulty.iron_canteen":2,"stat.useItem.notreepunching.rock/stone":2,"stat.jump":3109,"stat.useItem.minecraft.wooden_hoe":51,"stat.pickup.minecraft.iron_helmet":2,"stat.pickup.minecraft.coal":31,"stat.pickup.minecraft.iron_ingot":28,"stat.useItem.minecraft.stone_axe":259,"stat.craftItem.minecraft.bread":6,"stat.pickup.minecraft.spider_eye":1,"stat.pickup.minecraft.dirt":59,"stat.pickup.minecraft.iron_ore":26,"stat.pickup.iceandfire.fire_dragon_heart":1,"roc.kill":1,"reaper.kill":5,"stat.mineBlock.minecraft.iron_bars":1,"stat.pickup.minecraft.leather":38,"stat.damageTaken":2895,"stat.pickup.lycanitesmobs.raw_maka_meat":14,"stat.pickup.notreepunching.rock/stone":32,"stat.mineBlock.minecraft.furnace":4,"stat.mineBlock.minecraft.torch":1,"stat.useItem.minecraft.wooden_pickaxe":3,"stat.pickup.minecraft.ender_eye":1,"stat.useItem.lycanitesmobs.cooked_arisaur_meat":5,"stat.pickup.minecraft.reeds":37,"stat.killEntity.CaveSpider":3,"stat.pickup.minecraft.bed":16,"stat.pickup.minecraft.potato":170,"stat.damageDealt":17022,"stat.sleepInBed":16,"stat.craftItem.minecraft.baked_potato":43,"stat.killEntity.Cow":15,"stat.killEntity.Pig":5,"stat.pickup.minecraft.piston":5,"stat.walkOneCm":453011,"stat.animalsBred":6,"stat.drop.minecraft.wheat":1,"stat.pickup.minecraft.stick":91,"stat.pickup.minecraft.clay_ball":2,"stat.pickup.simpledifficulty.charcoal_filter":18,"stat.useItem.spartanweaponry.battleaxe_iron":61,"stat.pickup.lycanitesmobs.cooked_maka_meat":7,"stat.craftItem.locks.wood_lock_pick":10,"stat.pickup.minecraft.stone":2,"stat.pickup.minecraft.baked_potato":42,"stat.drop.minecraft.potato":44,"stat.useItem.rustic.grapes":3,"stat.pickup.minecraft.ladder":2,"stat.mineBlock.minecraft.tnt":2,"stat.pickup.lycanitesmobs.cooked_arisaur_meat":8,"stat.killEntity.Chicken":9,"stat.pickup.rustic.grapes":3,"stat.pickup.minecraft.bread":7,"stat.drop.minecraft.filled_map":1,"stat.mobKills":97,"stat.pickup.minecraft.diamond_boots":1,"stat.pickup.minecraft.quartz":1,"stat.pickup.minecraft.water_bucket":1,"stat.pickup.minecraft.diamond":3,"stat.pickup.minecraft.beetroot_seeds":39,"stat.mineBlock.minecraft.piston":3,"stat.pickup.minecraft.torch":9,"stat.drop.minecraft.beef":9,"stat.mineBlock.minecraft.stone":11}