{"stat.leaveGame":2,"stat.useItem.lycanitesmobs.cooked_maka_meat":6,"stat.drop.minecraft.redstone":2,"stat.pickup.inspirations.edibles":1,"stat.useItem.minecraft.planks":34,"stat.pickup.minecraft.glowstone_dust":2,"stat.useItem.minecraft.water_bucket":5,"stat.drop.minecraft.poisonous_potato":1,"stat.craftItem.minecraft.stone_axe":4,"stat.pickup.minecraft.chainmail_chestplate":1,"stat.pickup.spartanshields.shield_basic_stone":2,"stat.craftItem.minecraft.wooden_hoe":1,"stat.craftItem.spartanshields.shield_basic_wood":1,"stat.craftItem.minecraft.wooden_pickaxe":1,"stat.craftItem.wearablebackpacks.backpack":1,"stat.pickup.lycanitesmobs.raw_joust_meat":7,"stat.pickup.minecraft.armor_stand":3,"stat.trappedChestTriggered":1,"stat.mineBlock.minecraft.vine":1,"stat.furnaceInteraction":67,"stat.craftItem.spartanweaponry.material":1,"stat.pickup.minecraft.filled_map":1,"stat.pickup.minecraft.beef":21,"stat.pickup.minecraft.furnace":2,"stat.pickup.lycanitesmobs.spectralboltcharge":7,"stat.pickup.minecraft.iron_chestplate":2,"stat.killEntity.Horse":6,"stat.useItem.minecraft.wheat_seeds":38,"stat.pickup.lycanitesmobs.raw_krake_meat":1,"stat.deaths":1,"stat.playOneMinute":99275,"stat.pickup.minecraft.item_frame":3,"stat.mineBlock.minecraft.tallgrass":25,"stat.chestOpened":34,"maka.kill":3,"stat.craftItem.minecraft.coal":24,"stat.drop.lycanitesmobs.raw_arisaur_meat":6,"stat.fallOneCm":64815,"stat.crouchOneCm":36124,"stat.craftItem.minecraft.iron_ingot":8,"stat.pickup.minecraft.red_mushroom":1,"stat.drop.lycanitesmobs.cooked_maka_meat":1,"stat.craftItem.spartanweaponry.battleaxe_iron":1,"stat.craftingTableInteraction":34,"stat.pickup.minecraft.feather":6,"stat.craftItem.simpledifficulty.iron_canteen":4,"stat.pickup.minecraft.planks":117,"stat.pickup.minecraft.iron_leggings":2,"stat.pickup.minecraft.wheat_seeds":45,"stat.useItem.minecraft.stone_pickaxe":79,"stat.mineBlock.minecraft.dirt":42,"arisaur.kill":11,"stat.drop.minecraft.reeds":3,"stat.pickup.minecraft.chainmail_boots":1,"stat.pickup.minecraft.poisonous_potato":1,"stat.flowerPotted":1,"stat.useItem.minecraft.torch":2,"joustalpha.kill":1,"stat.useItem.minecraft.log":7,"stat.pickup.minecraft.crafting_table":9,"stat.useItem.lycanitesmobs.cooked_krake_meat":1,"stat.pickup.minecraft.log":23,"stat.pickup.minecraft.chainmail_leggings":1,"stat.pickup.minecraft.beetroot":4,"stat.craftItem.toolbelt.belt":1,"stat.pickup.minecraft.diamond_helmet":1,"stat.mineBlock.minecraft.log":25,"stat.useItem.inspirations.edibles":1,"stat.pickup.bountifulbaubles.trinketbezoar":3,"stat.craftItem.minecraft.paper":3,"stat.useItem.minecraft.beetroot_seeds":16,"stat.sneakTime":8467,"stat.useItem.minecraft.baked_potato":5,"stat.craftItem.minecraft.cobblestone":8,"stat.drop.minecraft.stone_pickaxe":1,"stat.drop.foodexpansion.itemhorsemeat":1,"stat.pickup.minecraft.bone":3,"stat.drop.minecraft.beetroot":4,"stat.mineBlock.minecraft.cobblestone":28,"stat.drop.minecraft.glowstone_dust":2,"stat.pickup.minecraft.flower_pot":1,"stat.mineBlock.minecraft.stained_glass_pane":2,"stat.swimOneCm":15569,"stat.climbOneCm":5835,"stat.pickup.foodexpansion.itemhorsemeat":15,"stat.useItem.minecraft.dirt":32,"stat.useItem.minecraft.stone_slab2":53,"stat.pickup.minecraft.iron_boots":3,"stat.drop.spartanshields.shield_basic_stone":1,"stat.craftItem.minecraft.furnace":1,"stat.drop.toolbelt.belt":1,"stat.craftItem.minecraft.stone_pickaxe":3,"stat.craftItem.minecraft.cooked_beef":6,"stat.pickup.minecraft.cobblestone":27,"stat.mineBlock.minecraft.carpet":1,"stat.pickup.minecraft.diamond_leggings":1,"stat.flyOneCm":525930,"stat.drop.minecraft.wheat_seeds":4,"stat.useItem.minecraft.cooked_beef":1,"stat.pickup.minecraft.redstone":2,"stat.mineBlock.minecraft.iron_ore":11,"stat.timeSinceDeath":55326,"stat.drop.minecraft.spider_eye":1,"stat.pickup.minecraft.mutton":1,"stat.craftItem.lycanitesmobs.cooked_maka_meat":10,"stat.useItem.minecraft.potato":58,"stat.pickup.minecraft.chainmail_helmet":1,"krake.kill":1,"stat.pickup.minecraft.carpet":1,"stat.drop.minecraft.beetroot_seeds":4,"stat.mineBlock.minecraft.coal_ore":27,"stat.pickup.minecraft.shield":1,"stat.craftItem.lycanitesmobs.cooked_krake_meat":1,"stat.pickup.minecraft.string":7,"stat.craftItem.minecraft.stone_slab2":0,"stat.pickup.lycanitesmobs.raw_arisaur_meat":21,"stat.killEntity.Squid":1,"stat.sprintOneCm":332456,"stat.mineBlock.minecraft.crafting_table":7,"stat.waystones:waystonesActivated":2,"stat.craftItem.lycanitesmobs.cooked_arisaur_meat":13,"stat.pickup.minecraft.diamond_chestplate":1,"stat.drop.rustic.wildberries":1,"stat.mineBlock.minecraft.planks":7,"stat.drop":69,"stat.craftItem.spartanshields.shield_basic_stone":1,"stat.killEntity.Sheep":5,"joust.kill":3,"stat.useItem.minecraft.ladder":1,"stat.drop.minecraft.iron_boots":1,"stat.craftItem.minecraft.dye":3,"stat.diveOneCm":15176,"stat.pickup.minecraft.wheat":20,"stat.drop.minecraft.wooden_pickaxe":1,"stat.drop.minecraft.cooked_beef":5,"stat.pickup.minecraft.stone_axe":1,"stat.pickup.simpledifficulty.iron_canteen":2,"stat.useItem.notreepunching.rock/stone":2,"stat.jump":2193,"stat.useItem.minecraft.wooden_hoe":51,"stat.pickup.minecraft.iron_helmet":2,"stat.pickup.minecraft.coal":26,"stat.pickup.minecraft.iron_ingot":18,"stat.useItem.minecraft.stone_axe":195,"stat.craftItem.minecraft.bread":6,"stat.pickup.minecraft.spider_eye":1,"stat.pickup.minecraft.dirt":47,"stat.pickup.minecraft.iron_ore":11,"roc.kill":1,"reaper.kill":3,"stat.pickup.minecraft.leather":22,"stat.damageTaken":1305,"stat.pickup.lycanitesmobs.raw_maka_meat":4,"stat.pickup.notreepunching.rock/stone":24,"stat.mineBlock.minecraft.furnace":1,"stat.mineBlock.minecraft.torch":1,"stat.useItem.minecraft.wooden_pickaxe":3,"stat.useItem.lycanitesmobs.cooked_arisaur_meat":5,"stat.pickup.minecraft.reeds":21,"stat.killEntity.CaveSpider":3,"stat.pickup.minecraft.bed":10,"stat.pickup.minecraft.potato":146,"stat.damageDealt":11516,"stat.sleepInBed":9,"stat.craftItem.minecraft.baked_potato":43,"stat.killEntity.Cow":10,"stat.killEntity.Pig":5,"stat.walkOneCm":271577,"stat.pickup.minecraft.stick":64,"stat.pickup.minecraft.clay_ball":2,"stat.pickup.simpledifficulty.charcoal_filter":18,"stat.useItem.spartanweaponry.battleaxe_iron":21,"stat.pickup.lycanitesmobs.cooked_maka_meat":7,"stat.craftItem.locks.wood_lock_pick":7,"stat.pickup.minecraft.baked_potato":42,"stat.drop.minecraft.potato":44,"stat.useItem.rustic.grapes":3,"stat.pickup.minecraft.ladder":2,"stat.mineBlock.minecraft.tnt":2,"stat.pickup.lycanitesmobs.cooked_arisaur_meat":8,"stat.pickup.rustic.grapes":3,"stat.pickup.minecraft.bread":7,"stat.drop.minecraft.filled_map":1,"stat.mobKills":52,"stat.pickup.minecraft.diamond_boots":1,"stat.pickup.minecraft.quartz":1,"stat.pickup.minecraft.water_bucket":1,"stat.pickup.minecraft.diamond":2,"stat.pickup.minecraft.beetroot_seeds":21,"stat.pickup.minecraft.torch":9,"stat.drop.minecraft.beef":6,"stat.mineBlock.minecraft.stone":8}