{"stat.leaveGame":2,"stat.useItem.lycanitesmobs.cooked_maka_meat":6,"stat.drop.minecraft.redstone":2,"stat.pickup.inspirations.edibles":1,"stat.mineBlock.minecraft.sandstone":2,"stat.useItem.minecraft.planks":45,"stat.pickup.minecraft.glowstone_dust":2,"stat.useItem.minecraft.water_bucket":5,"stat.drop.minecraft.poisonous_potato":1,"stat.pickup.minecraft.rotten_flesh":2,"stat.pickup.notreepunching.rock/sandstone":6,"stat.craftItem.minecraft.stone_axe":4,"stat.useItem.locks.wood_lock_pick":1,"stat.pickup.minecraft.chainmail_chestplate":1,"stat.pickup.spartanshields.shield_basic_stone":2,"stat.craftItem.minecraft.wooden_hoe":1,"stat.craftItem.spartanshields.shield_basic_wood":1,"stat.craftItem.minecraft.wooden_pickaxe":1,"stat.craftItem.wearablebackpacks.backpack":1,"stat.pickup.lycanitesmobs.raw_joust_meat":16,"stat.pickup.minecraft.armor_stand":3,"stat.trappedChestTriggered":1,"stat.mineBlock.minecraft.vine":1,"stat.furnaceInteraction":78,"stat.craftItem.spartanweaponry.material":1,"stat.pickup.minecraft.filled_map":1,"stat.pickup.minecraft.beef":28,"stat.pickup.minecraft.furnace":2,"stat.pickup.lycanitesmobs.spectralboltcharge":10,"stat.pickup.minecraft.iron_chestplate":2,"stat.pickup.minecraft.skull":1,"stat.killEntity.Horse":7,"stat.useItem.minecraft.wheat_seeds":38,"stat.pickup.lycanitesmobs.raw_krake_meat":1,"stat.deaths":1,"stat.playOneMinute":123575,"stat.pickup.minecraft.item_frame":3,"stat.pickup.minecraft.iron_bars":1,"stat.mineBlock.minecraft.tallgrass":35,"stat.chestOpened":36,"maka.kill":3,"stat.craftItem.minecraft.coal":24,"stat.drop.lycanitesmobs.raw_arisaur_meat":6,"stat.fallOneCm":76294,"stat.crouchOneCm":42580,"stat.craftItem.minecraft.iron_ingot":8,"stat.pickup.minecraft.red_mushroom":1,"stat.drop.lycanitesmobs.cooked_maka_meat":1,"stat.craftItem.spartanweaponry.battleaxe_iron":1,"stat.craftingTableInteraction":41,"stat.useItem.lycanitesmobs.cooked_joust_meat":1,"stat.pickup.minecraft.feather":14,"stat.drop.minecraft.bone":3,"stat.craftItem.simpledifficulty.iron_canteen":4,"stat.pickup.minecraft.planks":124,"stat.pickup.minecraft.iron_leggings":2,"stat.pickup.minecraft.wheat_seeds":45,"stat.useItem.minecraft.stone_pickaxe":92,"stat.mineBlock.minecraft.dirt":55,"arisaur.kill":12,"stat.drop.minecraft.reeds":3,"stat.pickup.minecraft.chainmail_boots":1,"stat.pickup.minecraft.poisonous_potato":1,"stat.flowerPotted":1,"stat.useItem.minecraft.torch":2,"stat.useItem.minecraft.bread":2,"joustalpha.kill":1,"stat.useItem.minecraft.log":8,"stat.pickup.minecraft.crafting_table":9,"stat.useItem.lycanitesmobs.cooked_krake_meat":1,"stat.pickup.minecraft.log":25,"stat.pickup.minecraft.chicken":5,"stat.pickup.minecraft.chainmail_leggings":1,"stat.pickup.minecraft.beetroot":4,"stat.craftItem.toolbelt.belt":1,"stat.pickup.minecraft.diamond_helmet":1,"stat.mineBlock.minecraft.log":27,"stat.useItem.inspirations.edibles":1,"stat.pickup.bountifulbaubles.trinketbezoar":3,"stat.craftItem.minecraft.paper":3,"stat.useItem.minecraft.beetroot_seeds":16,"stat.sneakTime":10406,"stat.useItem.minecraft.baked_potato":5,"stat.craftItem.minecraft.cobblestone":8,"stat.drop.minecraft.stone_pickaxe":1,"stat.drop.foodexpansion.itemhorsemeat":1,"stat.pickup.minecraft.bone":11,"stat.drop.minecraft.beetroot":4,"stat.mineBlock.minecraft.cobblestone":28,"stat.drop.minecraft.glowstone_dust":2,"stat.pickup.minecraft.flower_pot":1,"stat.mineBlock.minecraft.stained_glass_pane":2,"stat.swimOneCm":18286,"stat.climbOneCm":6724,"stat.pickup.foodexpansion.itemhorsemeat":21,"stat.useItem.minecraft.dirt":43,"stat.useItem.minecraft.stone_slab2":67,"stat.pickup.minecraft.iron_boots":3,"stat.drop.spartanshields.shield_basic_stone":1,"stat.craftItem.minecraft.furnace":1,"stat.drop.toolbelt.belt":1,"stat.craftItem.minecraft.stone_pickaxe":3,"stat.craftItem.minecraft.cooked_beef":6,"stat.pickup.minecraft.cobblestone":27,"stat.mineBlock.minecraft.carpet":1,"stat.craftItem.minecraft.bow":1,"stat.pickup.minecraft.diamond_leggings":1,"stat.flyOneCm":597050,"stat.pickup.minecraft.soul_sand":1,"stat.drop.minecraft.wheat_seeds":4,"stat.useItem.minecraft.cooked_beef":1,"stat.pickup.minecraft.redstone":2,"stat.mineBlock.minecraft.iron_ore":11,"stat.timeSinceDeath":79626,"stat.drop.minecraft.spider_eye":1,"stat.pickup.minecraft.mutton":1,"stat.craftItem.lycanitesmobs.cooked_maka_meat":11,"stat.useItem.minecraft.potato":73,"stat.pickup.minecraft.chainmail_helmet":1,"krake.kill":1,"stat.pickup.minecraft.carpet":1,"stat.drop.minecraft.beetroot_seeds":4,"stat.mineBlock.minecraft.coal_ore":31,"stat.pickup.minecraft.shield":1,"stat.craftItem.lycanitesmobs.cooked_krake_meat":1,"stat.pickup.minecraft.string":9,"stat.craftItem.minecraft.stone_slab2":0,"stat.pickup.lycanitesmobs.raw_arisaur_meat":24,"stat.killEntity.Squid":1,"stat.craftItem.lycanitesmobs.cooked_joust_meat":5,"stat.sprintOneCm":380517,"stat.craftItem.spartanweaponry.bolt":12,"stat.mineBlock.minecraft.crafting_table":7,"stat.waystones:waystonesActivated":2,"stat.craftItem.lycanitesmobs.cooked_arisaur_meat":13,"stat.pickup.minecraft.diamond_chestplate":1,"stat.drop.rustic.wildberries":1,"stat.mineBlock.minecraft.planks":8,"stat.drop":71,"stat.craftItem.spartanshields.shield_basic_stone":1,"stat.killEntity.Sheep":5,"joust.kill":5,"stat.useItem.minecraft.ladder":1,"stat.drop.minecraft.iron_boots":1,"stat.pickup.lycanitesmobs.raw_yale_meat":4,"stat.craftItem.minecraft.dye":12,"stat.diveOneCm":19532,"stat.pickup.minecraft.wheat":20,"stat.drop.minecraft.wooden_pickaxe":1,"stat.drop.minecraft.cooked_beef":5,"stat.pickup.minecraft.stone_axe":1,"stat.pickup.minecraft.obsidian":2,"stat.pickup.simpledifficulty.iron_canteen":2,"stat.useItem.notreepunching.rock/stone":2,"stat.jump":2477,"stat.useItem.minecraft.wooden_hoe":51,"stat.pickup.minecraft.iron_helmet":2,"stat.pickup.minecraft.coal":30,"stat.pickup.minecraft.iron_ingot":28,"stat.useItem.minecraft.stone_axe":224,"stat.craftItem.minecraft.bread":6,"stat.pickup.minecraft.spider_eye":1,"stat.pickup.minecraft.dirt":59,"stat.pickup.minecraft.iron_ore":11,"roc.kill":1,"reaper.kill":5,"stat.mineBlock.minecraft.iron_bars":1,"stat.pickup.minecraft.leather":31,"stat.damageTaken":1619,"stat.pickup.lycanitesmobs.raw_maka_meat":4,"stat.pickup.notreepunching.rock/stone":26,"stat.mineBlock.minecraft.furnace":1,"stat.mineBlock.minecraft.torch":1,"stat.useItem.minecraft.wooden_pickaxe":3,"stat.pickup.minecraft.ender_eye":1,"stat.useItem.lycanitesmobs.cooked_arisaur_meat":5,"stat.pickup.minecraft.reeds":21,"stat.killEntity.CaveSpider":3,"stat.pickup.minecraft.bed":12,"stat.pickup.minecraft.potato":162,"stat.damageDealt":14071,"stat.sleepInBed":12,"stat.craftItem.minecraft.baked_potato":43,"stat.killEntity.Cow":15,"stat.killEntity.Pig":5,"stat.pickup.minecraft.piston":5,"stat.walkOneCm":337252,"stat.animalsBred":2,"stat.pickup.minecraft.stick":91,"stat.pickup.minecraft.clay_ball":2,"stat.pickup.simpledifficulty.charcoal_filter":18,"stat.useItem.spartanweaponry.battleaxe_iron":41,"stat.pickup.lycanitesmobs.cooked_maka_meat":7,"stat.craftItem.locks.wood_lock_pick":10,"stat.pickup.minecraft.baked_potato":42,"stat.drop.minecraft.potato":44,"stat.useItem.rustic.grapes":3,"stat.pickup.minecraft.ladder":2,"stat.mineBlock.minecraft.tnt":2,"stat.pickup.lycanitesmobs.cooked_arisaur_meat":8,"stat.killEntity.Chicken":5,"stat.pickup.rustic.grapes":3,"stat.pickup.minecraft.bread":7,"stat.drop.minecraft.filled_map":1,"stat.mobKills":72,"stat.pickup.minecraft.diamond_boots":1,"stat.pickup.minecraft.quartz":1,"stat.pickup.minecraft.water_bucket":1,"stat.pickup.minecraft.diamond":2,"stat.pickup.minecraft.beetroot_seeds":21,"stat.mineBlock.minecraft.piston":3,"stat.pickup.minecraft.torch":9,"stat.drop.minecraft.beef":6,"stat.mineBlock.minecraft.stone":9}