{"stat.useItem.minecraft.bow":136,"stat.drop.minecraft.armor_stand":1,"stat.leaveGame":3,"stat.mineBlock.minecraft.cobblestone":12,"stat.useItem.minecraft.log2":7,"stat.pickup.minecraft.flint":2,"stat.pickup.rustic.candle":1,"stat.drop.rustic.candle":1,"stat.pickup.minecraft.leather_chestplate":1,"stat.craftItem.notreepunching.grass_string":7,"stat.swimOneCm":16628,"stat.useItem.minecraft.planks":21,"stat.climbOneCm":526,"stat.drop.minecraft.bowl":1,"stat.pickup.minecraft.blaze_powder":2,"stat.useItem.minecraft.stone_slab2":49,"stat.pickup.minecraft.bow":2,"stat.craftItem.minecraft.furnace":1,"stat.craftItem.minecraft.stone_axe":1,"stat.craftItem.minecraft.iron_boots":1,"stat.craftItem.spartanshields.shield_tower_stone":2,"stat.pickup.iceandfire.witherbone":2,"stat.craftItem.minecraft.stone_pickaxe":2,"stat.craftItem.minecraft.cooked_beef":12,"stat.pickup.minecraft.cobblestone":12,"stat.pickup.minecraft.leather_boots":1,"stat.drop.spartanshields.shield_tower_stone":3,"stat.flyOneCm":181727,"stat.pickup.minecraft.glass_bottle":1,"stat.pickup.minecraft.chainmail_chestplate":1,"stat.drop.minecraft.wheat_seeds":42,"stat.mineBlock.minecraft.iron_ore":15,"stat.drop.minecraft.tnt":2,"stat.timeSinceDeath":83630,"stat.pickup.minecraft.mutton":16,"stat.drop.minecraft.cooked_mutton":26,"stat.pickup.lycanitesmobs.raw_joust_meat":6,"stat.pickup.minecraft.armor_stand":1,"stat.drop.minecraft.coal":2,"stat.trappedChestTriggered":2,"stat.useItem.notreepunching.knife/flint":47,"stat.pickup.minecraft.chainmail_helmet":1,"stat.furnaceInteraction":38,"stat.drop.minecraft.dirt":1,"stat.craftItem.spartanweaponry.material":2,"stat.pickup.minecraft.carpet":1,"stat.mineBlock.minecraft.coal_ore":33,"stat.pickup.minecraft.wooden_sword":1,"stat.pickup.spartanshields.shield_tower_stone":2,"stat.pickup.minecraft.beef":18,"stat.pickup.lycanitesmobs.scorchfireballcharge":1,"stat.craftItem.minecraft.stone_slab2":0,"stat.pickup.minecraft.leather_helmet":1,"stat.craftItem.lycanitesmobs.cooked_joust_meat":6,"stat.sprintOneCm":191161,"stat.drop.roughtweaks.salve":1,"stat.pickup.minecraft.stone_stairs":4,"stat.useItem.minecraft.wheat_seeds":131,"stat.mineBlock.minecraft.crafting_table":2,"stat.pickup.spartanweaponry.longbow_iron":1,"stat.waystones:waystonesActivated":2,"stat.pickup.minecraft.leather_leggings":1,"stat.mineBlock.minecraft.oak_stairs":2,"stat.mineBlock.minecraft.planks":4,"stat.drop":51,"stat.killEntity.cyclops":1,"stat.playOneMinute":83630,"stat.killEntity.Sheep":7,"joust.kill":2,"stat.drop.minecraft.glass_bottle":3,"stat.drop.minecraft.torch":2,"stat.mineBlock.minecraft.tallgrass":42,"stat.craftItem.minecraft.cooked_mutton":26,"stat.diveOneCm":11889,"stat.pickup.minecraft.wheat":125,"stat.chestOpened":27,"stat.mineBlock.minecraft.dark_oak_fence":17,"stat.pickup.minecraft.gravel":5,"stat.pickup.minecraft.iron_sword":1,"stat.pickup.minecraft.arrow":96,"stat.craftItem.minecraft.cooked_porkchop":20,"stat.useItem.minecraft.glass_bottle":1,"stat.pickup.firstaid.plaster":2,"stat.jump":1120,"stat.pickup.minecraft.coal":25,"stat.fallOneCm":26009,"stat.useItem.minecraft.stone_axe":36,"stat.drop.minecraft.wooden_sword":1,"stat.craftItem.minecraft.bread":16,"stat.crouchOneCm":30774,"stat.craftItem.spartanweaponry.longsword_stone":1,"stat.craftItem.minecraft.iron_ingot":21,"stat.pickup.minecraft.dirt":2,"stat.craftingTableInteraction":26,"stat.pickup.minecraft.iron_ore":15,"stat.pickup.iceandfire.shiny_scales":1,"reaper.kill":1,"stat.useItem.spartanweaponry.longsword_stone":36,"stat.mineBlock.minecraft.log2":11,"stat.mineBlock.minecraft.stone_stairs":2,"stat.damageTaken":2146,"stat.pickup.minecraft.leather":13,"stat.pickup.minecraft.feather":4,"stat.pickup.notreepunching.rock/stone":105,"stat.pickup.minecraft.dark_oak_fence":17,"stat.pickup.minecraft.log2":11,"stat.pickup.minecraft.planks":69,"stat.pickup.minecraft.prismarine_crystals":6,"stat.pickup.minecraft.bed":6,"stat.pickup.minecraft.wheat_seeds":212,"stat.pickup.minecraft.oak_stairs":2,"stat.mineBlock.minecraft.gravel":8,"stat.useItem.minecraft.stone_pickaxe":97,"stat.craftItem.minecraft.iron_leggings":1,"stat.damageDealt":1504,"stat.useItem.minecraft.wool":9,"stat.sleepInBed":6,"stat.killEntity.Cow":5,"stat.mineBlock.minecraft.dirt":4,"stat.pickup.minecraft.chainmail_boots":1,"stat.drop.minecraft.stick":2,"stat.walkOneCm":237886,"stat.useItem.minecraft.bread":25,"stat.useItem.minecraft.torch":1,"stat.drop.minecraft.wheat":26,"stat.pickup.minecraft.stick":15,"stat.craftItem.simpledifficulty.canteen":1,"stat.pickup.minecraft.crafting_table":2,"stat.useItem.minecraft.cobblestone":2,"stat.useItem.minecraft.gravel":2,"stat.mineBlock.minecraft.double_plant":2,"stat.pickup.simpledifficulty.charcoal_filter":13,"stat.drop.minecraft.chicken":4,"stat.pickup.notreepunching.grass_fiber":25,"stat.pickup.minecraft.tnt":2,"stat.drop.minecraft.leather_chestplate":1,"stat.craftItem.minecraft.iron_chestplate":1,"stat.mineBlock.minecraft.wool":4,"stat.pickup.minecraft.chicken":8,"stat.pickup.minecraft.chainmail_leggings":1,"stat.pickup.notreepunching.flint_shard":4,"stat.craftItem.spartanshields.shield_tower_wood":2,"stat.mineBlock.minecraft.tnt":2,"stat.pickup.roughtweaks.salve":3,"stat.mobKills":18,"stat.drop.notreepunching.rock/stone":1,"stat.pickup.simpledifficulty.canteen":1,"stat.mineBlock.minecraft.leaves":17,"stat.craftItem.spartanweaponry.longbow_iron":1,"stat.pickup.minecraft.torch":3,"stat.sneakTime":10604,"stat.pickup.minecraft.wool":11,"stat.drop.minecraft.beef":14,"stat.killEntity.siren":2,"stat.craftItem.notreepunching.knife/flint":1,"stat.craftItem.minecraft.cobblestone":25,"stat.mineBlock.minecraft.stone":33}