{"stat.chestOpened":17,"stat.walkOneCm":23165,"stat.pickup.minecraft.armor_stand":1,"stat.useItem.minecraft.bread":1,"stat.drop.minecraft.item_frame":1,"stat.pickup.minecraft.stick":6,"stat.leaveGame":1,"stat.pickup.minecraft.chainmail_helmet":1,"stat.mineBlock.minecraft.cobblestone":5,"maka.kill":6,"stat.useItem.minecraft.apple":1,"stat.pickup.minecraft.shield":1,"stat.jump":352,"stat.swimOneCm":2349,"stat.fallOneCm":8060,"stat.pickup.minecraft.beef":13,"stat.useItem.minecraft.stone_axe":15,"stat.crouchOneCm":6564,"stat.sprintOneCm":45485,"stat.pickup.minecraft.iron_boots":1,"stat.craftingTableInteraction":2,"stat.pickup.minecraft.iron_ore":1,"stat.craftItem.minecraft.stone_axe":1,"stat.pickup.minecraft.leather":21,"stat.pickup.lycanitesmobs.raw_maka_meat":9,"stat.pickup.minecraft.stone_sword":1,"stat.waystones:waystonesActivated":1,"stat.craftItem.minecraft.stone_pickaxe":1,"stat.mobKills":13,"stat.pickup.minecraft.cobblestone":6,"stat.pickup.minecraft.leather_boots":1,"stat.pickup.minecraft.iron_leggings":1,"stat.flyOneCm":99508,"stat.pickup.minecraft.bed":1,"stat.drop":1,"stat.playOneMinute":10816,"stat.pickup.minecraft.torch":3,"stat.useItem.minecraft.stone_pickaxe":7,"stat.sneakTime":1264,"stat.useItem.minecraft.stone_sword":33,"stat.damageDealt":2031,"stat.mineBlock.minecraft.iron_ore":1,"stat.sleepInBed":1,"stat.pickup.minecraft.item_frame":1,"stat.timeSinceDeath":10816,"stat.killEntity.Cow":7,"stat.craftItem.minecraft.cobblestone":4,"stat.mineBlock.minecraft.stone":1,"stat.mineBlock.minecraft.tallgrass":3,"stat.diveOneCm":4575}