{"stat.cakeSlicesEaten":4,"stat.drop.minecraft.stone_pickaxe":4,"stat.useItem.minecraft.bow":9,"stat.pickup.minecraft.bone":2,"stat.leaveGame":1,"stat.mineBlock.minecraft.cobblestone":12,"stat.useItem.minecraft.log2":1,"stat.pickup.minecraft.stone_pickaxe":2,"stat.swimOneCm":14067,"stat.climbOneCm":7049,"stat.pickup.minecraft.enchanted_book":1,"stat.useItem.minecraft.planks":4,"stat.drop.minecraft.cobblestone":6,"stat.drop.minecraft.bowl":1,"stat.pickup.minecraft.porkchop":21,"stat.pickup.spartanshields.shield_basic_wood":1,"stat.useItem.minecraft.stone_slab2":10,"stat.useItem.minecraft.water_bucket":8,"stat.pickup.roughtweaks.plaster":1,"stat.craftItem.minecraft.stone_axe":1,"stat.craftItem.minecraft.stone_pickaxe":2,"stat.pickup.minecraft.cobblestone":11,"stat.pickup.notreepunching.rock/marble":3,"stat.craftItem.minecraft.stone_sword":1,"stat.flyOneCm":337021,"stat.craftItem.simpledifficulty.charcoal_filter":3,"stat.pickup.minecraft.chainmail_chestplate":1,"stat.mineBlock.minecraft.sand":1,"stat.drop.simpledifficulty.iron_canteen":2,"stat.pickup.spartanshields.shield_basic_stone":1,"stat.drop.minecraft.wheat_seeds":2,"stat.pickup.quark.tallow":26,"stat.mineBlock.minecraft.iron_ore":39,"stat.timeSinceDeath":69617,"stat.useItem.minecraft.iron_pickaxe":4,"stat.pickup.minecraft.chainmail_helmet":1,"stat.furnaceInteraction":41,"stat.drop.minecraft.dirt":1,"stat.useItem.minecraft.cooked_porkchop":6,"stat.mineBlock.minecraft.coal_ore":42,"stat.pickup.comforts.sleeping_bag":4,"stat.pickup.minecraft.furnace":4,"stat.craftItem.minecraft.stone_slab2":0,"stat.pickup.minecraft.paper":1,"stat.sprintOneCm":219244,"stat.useItem.rustic.wildberries":1,"stat.drop.minecraft.leather":1,"stat.killEntity.Horse":7,"stat.mineBlock.minecraft.crafting_table":1,"stat.waystones:waystonesActivated":2,"stat.mineBlock.quark.marble":1,"stat.mineBlock.minecraft.planks":1,"stat.drop":21,"stat.playOneMinute":69617,"stat.killEntity.Sheep":1,"stat.pickup.minecraft.slime_ball":3,"stat.craftItem.minecraft.iron_pickaxe":1,"aspid.kill":1,"stat.drop.minecraft.bread":1,"stat.pickup.minecraft.iron_bars":4,"stat.mineBlock.minecraft.tallgrass":17,"stat.diveOneCm":5845,"stat.chestOpened":21,"stat.useItem.minecraft.stone":20,"stat.craftItem.minecraft.cooked_porkchop":21,"maka.kill":1,"stat.pickup.minecraft.obsidian":1,"stat.pickup.simpledifficulty.iron_canteen":3,"stat.craftItem.minecraft.coal":17,"stat.jump":1406,"stat.pickup.minecraft.coal":22,"stat.pickup.minecraft.iron_helmet":1,"stat.fallOneCm":32817,"stat.pickup.minecraft.carrot":1,"stat.useItem.minecraft.stone_axe":39,"stat.craftItem.minecraft.bread":44,"stat.crouchOneCm":24490,"stat.craftItem.minecraft.iron_ingot":31,"stat.pickup.minecraft.dirt":2,"stat.craftingTableInteraction":24,"stat.pickup.minecraft.iron_ore":36,"stat.mineBlock.minecraft.iron_bars":6,"reaper.kill":1,"stat.mineBlock.minecraft.log2":2,"stat.damageTaken":1406,"stat.pickup.minecraft.leather":12,"stat.pickup.notreepunching.rock/stone":42,"stat.pickup.lycanitesmobs.raw_maka_meat":1,"stat.mineBlock.minecraft.furnace":4,"stat.useItem.minecraft.furnace":2,"stat.craftItem.simpledifficulty.iron_canteen":2,"stat.pickup.minecraft.log2":2,"stat.pickup.minecraft.dye":2,"stat.pickup.minecraft.planks":9,"stat.pickup.minecraft.reeds":3,"stat.pickup.minecraft.wheat_seeds":2,"stat.useItem.minecraft.stone_pickaxe":141,"stat.useItem.minecraft.stone_sword":89,"stat.damageDealt":4841,"stat.useItem.minecraft.wool":13,"stat.sleepInBed":6,"stat.mineBlock.minecraft.dirt":5,"stat.killEntity.Pig":24,"stat.pickup.minecraft.chainmail_boots":1,"geonach.kill":1,"stat.walkOneCm":130762,"stat.drop.minecraft.paper":1,"stat.useItem.minecraft.bread":9,"stat.drop.minecraft.wheat":1,"stat.pickup.minecraft.stick":12,"stat.pickup.spartanweaponry.longsword_bronze":2,"stat.craftItem.simpledifficulty.canteen":1,"stat.pickup.minecraft.crafting_table":1,"stat.useItem.minecraft.cobblestone":7,"stat.pickup.simpledifficulty.charcoal_filter":3,"stat.pickup.minecraft.log":18,"stat.pickup.minecraft.stone":24,"stat.mineBlock.minecraft.wool":1,"stat.pickup.minecraft.chainmail_leggings":1,"stat.drop.spartanweaponry.longsword_bronze":1,"stat.killEntity.Spider":1,"stat.mobKills":38,"stat.pickup.minecraft.quartz":4,"stat.craftItem.minecraft.paper":3,"stat.sneakTime":5825,"stat.craftItem.minecraft.cobblestone":13,"stat.mineBlock.minecraft.stone":26}