{"stat.useItem.minecraft.bow":1,"stat.pickup.minecraft.bone":9,"stat.leaveGame":6,"stat.drop.minecraft.stone_shovel":1,"stat.mineBlock.minecraft.cobblestone":14,"stat.pickup.minecraft.stone_pickaxe":1,"stat.useItem.lycanitesmobs.cooked_maka_meat":15,"stat.pickup.minecraft.flint":1,"stat.entityKilledBy.Witch":1,"stat.craftItem.notreepunching.grass_string":1,"stat.useItem.minecraft.mutton":4,"stat.swimOneCm":5765,"stat.climbOneCm":3536,"stat.useItem.minecraft.planks":4,"stat.pickup.minecraft.glowstone":14,"stat.pickup.minecraft.glowstone_dust":1,"stat.drop.minecraft.feather":3,"stat.pickup.minecraft.porkchop":40,"stat.pickup.minecraft.glass":10,"stat.useItem.minecraft.stone_slab2":11,"stat.pickup.minecraft.bow":2,"stat.pickup.minecraft.rotten_flesh":8,"stat.craftItem.minecraft.furnace":2,"stat.pickup.roughtweaks.plaster":6,"stat.craftItem.spartanweaponry.warhammer_silver":1,"stat.pickup.minecraft.golden_axe":1,"stat.craftItem.minecraft.iron_boots":1,"stat.craftItem.minecraft.stone_pickaxe":2,"stat.pickup.minecraft.cobblestone":32,"stat.craftItem.minecraft.chainmail_helmet":1,"stat.useItem.minecraft.stone_shovel":11,"stat.flyOneCm":624288,"stat.craftItem.simpledifficulty.charcoal_filter":48,"stat.pickup.minecraft.chainmail_chestplate":2,"stat.killEntity.Witch":2,"stat.drop.minecraft.wheat_seeds":5,"stat.pickup.iceandfire.fire_lily":1,"stat.pickup.quark.tallow":42,"stat.pickup.minecraft.redstone":2,"stat.mineBlock.minecraft.iron_ore":30,"stat.pickup.spartanweaponry.warhammer_silver":2,"yale.kill":1,"stat.timeSinceDeath":9096,"stat.pickup.iceandfire.silver_ingot":6,"stat.pickup.minecraft.mutton":37,"stat.craftItem.wearablebackpacks.backpack":1,"stat.pickup.minecraft.double_plant":2,"stat.craftItem.lycanitesmobs.cooked_maka_meat":16,"stat.useItem.notreepunching.knife/flint":12,"stat.pickup.minecraft.chainmail_helmet":2,"stat.pickup.minecraft.stonebrick":1,"stat.furnaceInteraction":37,"stat.craftItem.minecraft.chainmail_leggings":1,"stat.craftItem.spartanweaponry.material":2,"stat.mineBlock.minecraft.coal_ore":37,"stat.pickup.comforts.sleeping_bag":6,"stat.pickup.minecraft.beef":12,"stat.pickup.variedcommodities.ingot_bronze":10,"stat.useItem.spartanweaponry.warhammer_stone":86,"stat.craftItem.minecraft.stone_slab2":0,"stat.sprintOneCm":252190,"stat.useItem.rustic.wildberries":6,"stat.craftItem.minecraft.chainmail_chestplate":1,"stat.useItem.spartanweaponry.warhammer_silver":50,"afrit.kill":1,"stat.mineBlock.minecraft.crafting_table":1,"stat.waystones:waystonesActivated":1,"stat.craftItem.lycanitesmobs.cooked_arisaur_meat":1,"stat.useItem.minecraft.beef":2,"stat.deaths":4,"stat.drop":13,"stat.playOneMinute":78417,"stat.killEntity.Sheep":10,"stat.pickup.minecraft.item_frame":1,"stat.pickup.lycanitesmobs.raw_yale_meat":4,"stat.killEntity.Zombie":5,"stat.drop.minecraft.iron_ingot":1,"stat.mineBlock.minecraft.tallgrass":28,"stat.diveOneCm":4336,"stat.pickup.minecraft.wheat":43,"stat.chestOpened":24,"stat.mineBlock.minecraft.mossy_cobblestone":1,"stat.pickup.minecraft.gravel":7,"stat.pickup.minecraft.arrow":3,"stat.craftItem.minecraft.cooked_porkchop":2,"stat.useItem.minecraft.chicken":2,"maka.kill":7,"stat.useItem.minecraft.porkchop":2,"stat.craftItem.craftablechainmail.chainmail_plate":20,"stat.pickup.notreepunching.axe/flint":2,"stat.mineBlock.iceandfire.fire_lily":1,"stat.craftItem.minecraft.iron_nugget":162,"stat.jump":1948,"stat.pickup.minecraft.coal":50,"stat.fallOneCm":53433,"stat.useItem.notreepunching.axe/flint":4,"stat.crouchOneCm":29433,"stat.craftItem.minecraft.iron_ingot":31,"stat.craftItem.minecraft.iron_helmet":1,"stat.pickup.minecraft.dirt":3,"stat.craftingTableInteraction":25,"stat.pickup.minecraft.iron_ore":29,"stat.pickup.minecraft.stone_shovel":4,"reaper.kill":1,"stat.drop.notreepunching.rock/marble":1,"stat.damageTaken":1924,"stat.pickup.minecraft.feather":3,"stat.pickup.minecraft.leather":25,"stat.pickup.notreepunching.knife/flint":1,"stat.pickup.notreepunching.rock/stone":168,"stat.pickup.lycanitesmobs.raw_maka_meat":10,"stat.pickup.minecraft.dye":12,"stat.pickup.minecraft.planks":9,"stat.useItem.lycanitesmobs.cooked_arisaur_meat":1,"stat.craftItem.spartanweaponry.warhammer_stone":1,"stat.pickup.minecraft.wheat_seeds":20,"stat.mineBlock.minecraft.gravel":11,"stat.useItem.minecraft.stone_pickaxe":141,"stat.damageDealt":6978,"stat.useItem.minecraft.wool":31,"stat.sleepInBed":6,"stat.killEntity.Cow":4,"stat.killEntity.Pig":18,"stat.pickup.minecraft.chainmail_boots":2,"stat.drop.minecraft.stick":1,"stat.pickup.minecraft.record_13":2,"stat.walkOneCm":152306,"stat.pickup.minecraft.stick":24,"stat.craftItem.simpledifficulty.canteen":2,"stat.useItem.minecraft.log":5,"stat.pickup.minecraft.crafting_table":2,"stat.useItem.minecraft.cobblestone":2,"stat.craftItem.minecraft.crafting_table":1,"stat.pickup.simpledifficulty.charcoal_filter":94,"stat.pickup.minecraft.log":6,"stat.pickup.lycanitesmobs.cooked_maka_meat":6,"stat.craftItem.minecraft.wheat":27,"stat.pickup.notreepunching.grass_fiber":4,"stat.pickup.minecraft.iron_pickaxe":2,"stat.pickup.minecraft.chicken":2,"stat.pickup.minecraft.chainmail_leggings":2,"stat.pickup.minecraft.gold_ingot":6,"stat.pickup.notreepunching.flint_shard":2,"stat.pickup.roughtweaks.salve":2,"stat.mineBlock.minecraft.stonebrick":6,"stat.killEntity.Chicken":2,"stat.mobKills":51,"stat.drop.spartanweaponry.warhammer_stone":1,"stat.pickup.notreepunching.grass_string":2,"stat.craftItem.notreepunching.axe/flint":1,"stat.sneakTime":6624,"stat.pickup.minecraft.wool":16,"stat.craftItem.notreepunching.knife/flint":1,"stat.craftItem.minecraft.cobblestone":38,"stat.mineBlock.minecraft.stone":46}