{"stat.useItem.minecraft.string":1,"stat.useItem.minecraft.bow":169,"stat.mineBlock.rustic.vase":2,"stat.leaveGame":8,"darkling.kill":1,"stat.mineBlock.minecraft.sandstone":10,"stat.useItem.minecraft.planks":47,"stat.drop.minecraft.feather":3,"stat.pickup.minecraft.porkchop":52,"stat.mineBlock.minecraft.red_sandstone":7,"stat.useItem.minecraft.water_bucket":34,"stat.drop.minecraft.iron_sword":1,"silex.kill":1,"stat.pickup.minecraft.rotten_flesh":2,"stat.drop.notreepunching.rock/red_sandstone":4,"stat.pickup.notreepunching.rock/sandstone":4,"stat.craftItem.minecraft.stone_axe":3,"stat.pickup.minecraft.leather_boots":1,"stat.killEntity.if_cockatrice":2,"stat.useItem.locks.wood_lock_pick":2,"stat.mineBlock.minecraft.sand":4,"stat.pickup.quark.tallow":63,"stat.craftItem.spartanshields.shield_basic_wood":2,"stat.craftItem.minecraft.wooden_pickaxe":1,"stat.craftItem.wearablebackpacks.backpack":2,"stat.pickup.lycanitesmobs.raw_joust_meat":1,"stat.trappedChestTriggered":5,"stat.drop.minecraft.rail":1,"stat.useItem.notreepunching.knife/flint":24,"stat.furnaceInteraction":38,"stat.pickup.spartanweaponry.crossbow_iron":1,"stat.craftItem.spartanweaponry.material":3,"stat.pickup.iceandfire.dragon_skull":1,"stat.killEntity.ZombieVillager":1,"stat.pickup.spartanshields.shield_tower_stone":2,"stat.pickup.minecraft.beef":22,"stat.pickup.quark.crab_leg":2,"stat.useItem.minecraft.cooked_mutton":2,"stat.pickup.notreepunching.saw/iron":2,"stat.mineBlock.minecraft.stained_hardened_clay":7,"stat.pickup.minecraft.iron_chestplate":1,"stat.drop.minecraft.prismarine_shard":1,"stat.killEntity.Horse":5,"stat.craftItem.notreepunching.saw/iron":1,"afrit.kill":1,"stat.useItem.minecraft.wheat_seeds":553,"stat.pickup.minecraft.saddle":1,"stat.pickup.lycanitesmobs.raw_krake_meat":1,"stat.deaths":4,"stat.pickup.lycanitesmobs.geistliver":1,"stat.playOneMinute":223416,"stat.pickup.minecraft.item_frame":1,"stat.drop.minecraft.torch":1,"stat.mineBlock.minecraft.tallgrass":72,"stat.craftItem.minecraft.cooked_mutton":2,"stat.pickup.minecraft.cooked_mutton":53,"stat.chestOpened":103,"stat.pickup.minecraft.spruce_door":1,"stat.killEntity.quark:crab":3,"stat.pickup.minecraft.arrow":157,"maka.kill":6,"stat.craftItem.minecraft.coal":9,"geist.kill":1,"stat.fallOneCm":77182,"stat.crouchOneCm":67513,"stat.mineBlock.minecraft.chest":1,"stat.pickup.minecraft.rail":1,"stat.craftingTableInteraction":50,"stat.pickup.minecraft.feather":6,"stat.useItem.minecraft.reeds":12,"stat.craftItem.simpledifficulty.iron_canteen":6,"stat.pickup.minecraft.dye":1,"stat.pickup.minecraft.planks":183,"stat.pickup.minecraft.iron_leggings":1,"stat.pickup.minecraft.wheat_seeds":880,"stat.mineBlock.minecraft.gravel":5,"stat.useItem.minecraft.stone_pickaxe":163,"stat.useItem.minecraft.wool":26,"stat.mineBlock.minecraft.dirt":38,"arisaur.kill":2,"stat.pickup.lycanitesmobs.raw_silex_meat":2,"stat.useItem.minecraft.bread":34,"stat.useItem.minecraft.torch":23,"joustalpha.kill":2,"stat.craftItem.simpledifficulty.canteen":2,"stat.useItem.minecraft.log":3,"stat.craftItem.minecraft.crafting_table":1,"stat.mineBlock.minecraft.double_plant":4,"stat.pickup.minecraft.log":102,"stat.pickup.minecraft.chicken":2,"stat.pickup.minecraft.sapling":1,"stat.pickup.wearablebackpacks.backpack":1,"stat.pickup.notreepunching.flint_shard":4,"stat.pickup.locks.wood_lock_pick":10,"stat.pickup.minecraft.book":64,"stat.mineBlock.minecraft.log":25,"stat.pickup.iceandfire.dragonbone":30,"stat.craftItem.notreepunching.axe/flint":1,"stat.sneakTime":14921,"stat.pickup.minecraft.wool":57,"stat.craftItem.notreepunching.knife/flint":1,"stat.craftItem.minecraft.cobblestone":31,"stat.pickup.dynamictrees.acaciaseed":1,"stat.drop.minecraft.stone_pickaxe":1,"stat.drop.foodexpansion.itemhorsemeat":1,"stat.mineBlock.minecraft.cobblestone":15,"stat.useItem.minecraft.log2":5,"stat.pickup.minecraft.stone_pickaxe":1,"stat.pickup.minecraft.flint":2,"stat.pickup.minecraft.leather_chestplate":2,"stat.craftItem.notreepunching.grass_string":5,"stat.mineBlock.charm.crate_sealed":1,"stat.swimOneCm":64960,"stat.climbOneCm":3162,"stat.pickup.minecraft.enchanted_book":1,"stat.useItem.spartanweaponry.rapier_iron":66,"stat.pickup.foodexpansion.itemhorsemeat":7,"stat.useItem.minecraft.dirt":2,"stat.useItem.minecraft.stone_slab2":38,"stat.pickup.minecraft.bow":1,"stat.pickup.spartanweaponry.rapier_iron":1,"stat.pickup.minecraft.iron_boots":1,"stat.drop.locks.wood_lock_pick":1,"stat.craftItem.spartanweaponry.crossbow_iron":1,"stat.craftItem.minecraft.stone_pickaxe":3,"stat.craftItem.minecraft.cooked_beef":8,"stat.pickup.minecraft.cobblestone":11,"stat.mineBlock.minecraft.carpet":3,"stat.craftItem.minecraft.bow":1,"stat.flyOneCm":777538,"stat.drop.quark.rune":1,"stat.craftItem.simpledifficulty.charcoal_filter":27,"stat.drop.minecraft.wheat_seeds":9,"stat.useItem.minecraft.cooked_beef":8,"stat.mineBlock.minecraft.iron_ore":19,"yale.kill":2,"stat.timeSinceDeath":2508,"stat.pickup.minecraft.mutton":15,"krake.kill":1,"stat.useItem.minecraft.cooked_porkchop":6,"stat.pickup.minecraft.carpet":2,"stat.mineBlock.minecraft.coal_ore":15,"stat.killEntity.Creeper":2,"stat.talkedToVillager":7,"stat.pickup.minecraft.string":21,"stat.pickup.comforts.sleeping_bag":1,"stat.useItem.spartanweaponry.saber_stone":25,"stat.useItem.spartanweaponry.warhammer_stone":56,"stat.entityKilledBy.Skeleton":1,"stat.craftItem.minecraft.stone_slab2":0,"stat.pickup.lycanitesmobs.raw_arisaur_meat":3,"stat.sprintOneCm":641371,"stat.pickup.minecraft.paper":74,"stat.craftItem.minecraft.stick":104,"stat.pickup.minecraft.bone_block":12,"stat.drop.roughtweaks.salve":1,"stat.pickup.foodexpansion.itemcookedbacon":7,"stat.pickup.spartanweaponry.longbow_iron":1,"stat.waystones:waystonesActivated":2,"stat.useItem.spartanweaponry.javelin_bronze":4,"stat.pickup.minecraft.leather_leggings":1,"stat.drop":35,"stat.craftItem.spartanshields.shield_basic_stone":1,"stat.useItem.minecraft.wooden_sword":16,"stat.pickup.minecraft.stone_button":1,"stat.killEntity.Sheep":12,"joust.kill":8,"stat.craftItem.minecraft.dye":108,"stat.diveOneCm":44670,"stat.pickup.minecraft.wheat":755,"gorgomite.kill":1,"stat.drop.minecraft.wooden_pickaxe":1,"stat.pickup.minecraft.gravel":2,"stat.craftItem.minecraft.cooked_porkchop":10,"stat.pickup.minecraft.stone_axe":2,"stat.pickup.minecraft.obsidian":3,"stat.useItem.minecraft.porkchop":13,"stat.pickup.simpledifficulty.iron_canteen":1,"stat.jump":3734,"stat.pickup.minecraft.coal":26,"stat.pickup.minecraft.iron_helmet":1,"stat.pickup.scalinghealth.crystalshard":5,"stat.useItem.minecraft.stone_axe":128,"stat.useItem.notreepunching.axe/flint":1,"stat.craftItem.minecraft.bread":34,"stat.pickup.minecraft.gunpowder":2,"stat.pickup.minecraft.spider_eye":3,"stat.pickup.minecraft.dirt":7,"stat.drop.minecraft.bed":4,"stat.pickup.minecraft.iron_ore":30,"reaper.kill":2,"stat.mineBlock.minecraft.glass_pane":1,"stat.damageTaken":3924,"stat.pickup.minecraft.leather":33,"stat.pickup.lycanitesmobs.raw_maka_meat":8,"stat.pickup.notreepunching.rock/stone":108,"stat.drop.lycanitesmobs.raw_krake_meat":1,"stat.mineBlock.minecraft.torch":1,"stat.useItem.minecraft.wooden_pickaxe":8,"stat.drop.spartanweaponry.longbow_iron":1,"stat.pickup.minecraft.prismarine_shard":1,"stat.pickup.minecraft.log2":6,"stat.pickup.minecraft.reeds":13,"stat.entityKilledBy.ZombieVillager":2,"stat.pickup.minecraft.bed":15,"stat.craftItem.spartanweaponry.warhammer_stone":1,"stat.pickup.notreepunching.rock/red_sandstone":55,"stat.damageDealt":10921,"stat.sleepInBed":14,"stat.killEntity.Cow":11,"stat.killEntity.Pig":29,"stat.craftItem.spartanweaponry.saber_stone":1,"geonach.kill":1,"stat.walkOneCm":494767,"stat.pickup.minecraft.stick":131,"stat.pickup.simpledifficulty.charcoal_filter":31,"stat.pickup.foodexpansion.itemchocolatebar":8,"stat.craftItem.locks.wood_lock_pick":15,"stat.pickup.notreepunching.grass_fiber":15,"stat.pickup.minecraft.tnt":2,"stat.pickup.wolfarmor.diamond_wolf_armor":1,"stat.pickup.minecraft.stone":8,"stat.mineBlock.minecraft.wool":2,"stat.drop.firstaid.plaster":2,"abtu.kill":3,"stat.pickup.minecraft.gold_ingot":10,"stat.killEntity.Chicken":3,"stat.pickup.minecraft.bread":105,"stat.mobKills":110,"stat.mineBlock.minecraft.leaves":19,"stat.pickup.minecraft.torch":59,"stat.drop.minecraft.stone_axe":1,"stat.mineBlock.minecraft.bone_block":12,"stat.mineBlock.minecraft.stone":74}