{"stat.drop.foodexpansion.itemhorsemeat":4,"stat.pickup.minecraft.bone":2,"stat.leaveGame":3,"stat.mineBlock.minecraft.cobblestone":13,"stat.pickup.minecraft.stone_pickaxe":1,"stat.useItem.lycanitesmobs.cooked_maka_meat":5,"stat.mineBlock.minecraft.stained_glass_pane":4,"stat.useItem.minecraft.mutton":2,"stat.swimOneCm":11947,"ventoraptor.kill":1,"stat.climbOneCm":12169,"stat.mineBlock.minecraft.web":13,"stat.useItem.spartanweaponry.rapier_iron":14,"stat.pickup.minecraft.porkchop":4,"stat.pickup.foodexpansion.itemhorsemeat":4,"stat.useItem.minecraft.dirt":16,"stat.useItem.minecraft.stone_slab2":22,"stat.pickup.minecraft.iron_boots":3,"stat.mineBlock.minecraft.stone_brick_stairs":1,"stat.useItem.mujmajnkraftsbettersurvival.itemironnunchaku":42,"stat.craftItem.minecraft.stone_axe":3,"stat.craftItem.spartanweaponry.crossbow_iron":1,"stat.pickup.minecraft.cobblestone":8,"stat.craftItem.minecraft.bow":1,"stat.mineBlock.minecraft.carpet":2,"stat.craftItem.minecraft.stone_sword":1,"stat.flyOneCm":468398,"stat.craftItem.simpledifficulty.charcoal_filter":27,"stat.pickup.minecraft.chainmail_chestplate":1,"stat.drop.simpledifficulty.iron_canteen":1,"stat.mineBlock.minecraft.sand":2,"stat.drop.minecraft.wheat_seeds":1,"stat.pickup.quark.tallow":1,"stat.mineBlock.minecraft.iron_ore":32,"yale.kill":15,"stat.timeSinceDeath":100249,"stat.pickup.minecraft.mutton":25,"stat.pickup.minecraft.mossy_cobblestone":1,"stat.craftItem.wearablebackpacks.backpack":1,"stat.pickup.minecraft.armor_stand":1,"stat.drop.minecraft.coal":2,"stat.craftItem.lycanitesmobs.cooked_maka_meat":4,"stat.mineBlock.minecraft.coal_block":1,"stat.pickup.minecraft.chainmail_helmet":1,"stat.mineBlock.minecraft.vine":1,"stat.pickup.minecraft.stonebrick":2,"stat.furnaceInteraction":59,"stat.craftItem.spartanweaponry.material":2,"stat.pickup.minecraft.carpet":2,"stat.drop.minecraft.wool":3,"stat.mineBlock.minecraft.coal_ore":21,"stat.talkedToVillager":1,"stat.pickup.minecraft.string":12,"stat.pickup.minecraft.filled_map":1,"stat.pickup.defiledlands.essence_mourner":1,"stat.pickup.minecraft.beef":4,"stat.pickup.minecraft.furnace":8,"stat.craftItem.minecraft.stone_slab2":0,"stat.pickup.lycanitesmobs.raw_arisaur_meat":6,"stat.sprintOneCm":304400,"stat.pickup.minecraft.paper":28,"stat.useItem.rustic.wildberries":2,"stat.pickup.minecraft.iron_chestplate":2,"stat.drop.minecraft.leather":7,"stat.craftItem.spartanweaponry.bolt":8,"stat.mineBlock.rustic.rope":2,"stat.killEntity.Horse":7,"stat.mineBlock.minecraft.fence":2,"stat.waystones:waystonesActivated":2,"stat.killEntity.familiarfauna.deer":1,"stat.mineBlock.minecraft.planks":7,"stat.drop":34,"stat.pickup.minecraft.egg":14,"stat.playOneMinute":100249,"stat.killEntity.Sheep":19,"stat.drop.minecraft.iron_boots":1,"stat.pickup.lycanitesmobs.raw_yale_meat":33,"stat.killEntity.Zombie":1,"stat.pickup.minecraft.iron_bars":1,"stat.drop.minecraft.iron_ingot":4,"stat.mineBlock.minecraft.tallgrass":43,"stat.diveOneCm":8197,"stat.pickup.minecraft.cooked_mutton":8,"stat.chestOpened":48,"stat.mineBlock.minecraft.mossy_cobblestone":1,"stat.pickup.scalinghealth.heartdust":1,"stat.craftItem.spartanweaponry.rapier_iron":1,"stat.pickup.minecraft.iron_sword":2,"maka.kill":6,"stat.useItem.minecraft.porkchop":2,"stat.craftItem.minecraft.coal":16,"stat.craftItem.minecraft.iron_nugget":27,"stat.jump":2224,"stat.pickup.minecraft.fence":1,"stat.pickup.minecraft.coal":43,"stat.pickup.minecraft.iron_helmet":2,"stat.useItem.lycanitesmobs.cooked_yale_meat":1,"stat.fallOneCm":47378,"stat.pickup.minecraft.iron_ingot":7,"stat.drop.minecraft.dye":1,"stat.useItem.minecraft.stone_axe":63,"stat.craftItem.minecraft.bread":66,"stat.crouchOneCm":40753,"stat.craftItem.minecraft.iron_ingot":22,"stat.pickup.minecraft.dirt":19,"stat.craftItem.comforts.sleeping_bag":1,"stat.pickup.minecraft.iron_ore":68,"stat.craftingTableInteraction":29,"stat.mineBlock.minecraft.iron_bars":1,"reaper.kill":1,"stat.mineBlock.minecraft.glass_pane":1,"stat.damageTaken":1358,"stat.pickup.minecraft.leather":49,"stat.pickup.minecraft.feather":2,"stat.pickup.lycanitesmobs.raw_maka_meat":11,"stat.pickup.notreepunching.rock/stone":46,"stat.mineBlock.minecraft.furnace":8,"stat.useItem.minecraft.furnace":1,"stat.craftItem.simpledifficulty.iron_canteen":5,"stat.pickup.minecraft.dye":3,"stat.pickup.minecraft.planks":22,"stat.pickup.minecraft.reeds":3,"stat.pickup.minecraft.iron_leggings":2,"stat.killEntity.CaveSpider":1,"stat.pickup.minecraft.bed":3,"stat.pickup.minecraft.wheat_seeds":2,"stat.useItem.minecraft.stone_pickaxe":109,"stat.useItem.minecraft.stone_sword":129,"stat.damageDealt":10873,"stat.drop.minecraft.carpet":1,"stat.useItem.minecraft.wool":18,"stat.sleepInBed":6,"stat.killEntity.Cow":2,"stat.mineBlock.minecraft.dirt":8,"stat.killEntity.Pig":4,"arisaur.kill":5,"stat.pickup.minecraft.chainmail_boots":1,"stat.drop.minecraft.stick":3,"stat.walkOneCm":222633,"stat.useItem.minecraft.bread":6,"stat.pickup.minecraft.stick":18,"stat.drop.minecraft.porkchop":1,"stat.craftItem.simpledifficulty.canteen":2,"stat.useItem.minecraft.log":1,"stat.craftItem.minecraft.crafting_table":2,"stat.mineBlock.minecraft.double_plant":3,"stat.useItem.toolbelt.belt":2,"stat.pickup.toolbelt.belt":1,"stat.pickup.minecraft.log":23,"stat.pickup.lycanitesmobs.cooked_maka_meat":1,"stat.drop.minecraft.iron_ore":1,"stat.pickup.minecraft.stone":3,"stat.drop.simpledifficulty.charcoal_filter":4,"stat.pickup.minecraft.chainmail_leggings":1,"stat.useItem.rustic.grapes":8,"stat.pickup.wearablebackpacks.backpack":1,"stat.pickup.minecraft.cooked_beef":14,"stat.pickup.minecraft.gold_ingot":2,"stat.pickup.minecraft.coal_block":1,"stat.pickup.lycanitesmobs.cooked_arisaur_meat":2,"stat.mineBlock.minecraft.stonebrick":4,"stat.useItem.minecraft.iron_sword":30,"stat.pickup.rustic.grapes":80,"stat.pickup.minecraft.stone_sword":1,"stat.pickup.minecraft.bread":1,"stat.mobKills":64,"stat.mineBlock.minecraft.log":12,"stat.useItem.minecraft.golden_apple":1,"stat.craftItem.minecraft.paper":15,"stat.sneakTime":9095,"stat.craftItem.mujmajnkraftsbettersurvival.itemironnunchaku":1,"stat.pickup.minecraft.wool":75,"stat.craftItem.lycanitesmobs.cooked_yale_meat":29,"stat.mineBlock.minecraft.stone":20,"stat.useItem.minecraft.web":2}