{"stat.cakeSlicesEaten":4,"stat.drop.minecraft.stone_pickaxe":4,"stat.useItem.minecraft.bow":12,"stat.pickup.minecraft.bone":2,"stat.leaveGame":1,"stat.mineBlock.minecraft.cobblestone":17,"stat.useItem.minecraft.log2":1,"stat.pickup.minecraft.stone_pickaxe":2,"stat.drop.grapplemod.grapplinghook":1,"stat.swimOneCm":23022,"stat.climbOneCm":8959,"stat.pickup.minecraft.enchanted_book":1,"stat.useItem.minecraft.planks":6,"stat.drop.minecraft.cobblestone":6,"stat.pickup.minecraft.glowstone_dust":1,"stat.drop.minecraft.bowl":1,"stat.pickup.minecraft.porkchop":21,"stat.pickup.spartanshields.shield_basic_wood":1,"stat.useItem.minecraft.stone_slab2":13,"stat.useItem.minecraft.water_bucket":10,"stat.pickup.roughtweaks.plaster":1,"stat.craftItem.minecraft.stone_axe":2,"stat.craftItem.minecraft.stone_pickaxe":2,"stat.pickup.minecraft.cobblestone":12,"stat.pickup.notreepunching.rock/marble":3,"stat.craftItem.minecraft.stone_sword":1,"stat.flyOneCm":461265,"stat.craftItem.simpledifficulty.charcoal_filter":3,"stat.pickup.minecraft.chainmail_chestplate":1,"stat.mineBlock.minecraft.sand":1,"stat.drop.simpledifficulty.iron_canteen":3,"stat.pickup.spartanshields.shield_basic_stone":1,"stat.drop.minecraft.wheat_seeds":2,"stat.pickup.quark.tallow":26,"stat.mineBlock.minecraft.iron_ore":44,"yale.kill":6,"stat.timeSinceDeath":93917,"stat.useItem.minecraft.iron_pickaxe":78,"stat.pickup.minecraft.mossy_cobblestone":1,"stat.pickup.minecraft.chainmail_helmet":1,"stat.mineBlock.minecraft.vine":3,"stat.pickup.minecraft.stonebrick":2,"stat.furnaceInteraction":43,"stat.drop.minecraft.dirt":1,"stat.useItem.minecraft.cooked_porkchop":9,"stat.mineBlock.minecraft.coal_ore":72,"stat.pickup.comforts.sleeping_bag":6,"stat.pickup.minecraft.furnace":4,"stat.craftItem.minecraft.stone_slab2":0,"stat.pickup.minecraft.paper":1,"stat.sprintOneCm":299922,"stat.useItem.rustic.wildberries":1,"stat.drop.minecraft.leather":1,"stat.killEntity.Horse":7,"stat.mineBlock.minecraft.crafting_table":1,"stat.waystones:waystonesActivated":2,"stat.mineBlock.quark.marble":1,"stat.mineBlock.minecraft.planks":1,"stat.drop":24,"stat.playOneMinute":93917,"stat.killEntity.Sheep":1,"stat.pickup.minecraft.slime_ball":3,"stat.craftItem.minecraft.iron_pickaxe":2,"aspid.kill":1,"stat.killEntity.Zombie":2,"stat.drop.minecraft.bread":1,"stat.pickup.minecraft.iron_bars":4,"stat.drop.minecraft.glass_bottle":1,"stat.mineBlock.minecraft.tallgrass":24,"stat.diveOneCm":9019,"stat.chestOpened":26,"stat.mineBlock.minecraft.mossy_cobblestone":1,"stat.useItem.minecraft.stone":20,"stat.craftItem.minecraft.cooked_porkchop":21,"maka.kill":3,"stat.pickup.minecraft.obsidian":1,"stat.pickup.simpledifficulty.iron_canteen":4,"stat.useItem.minecraft.potion":1,"stat.craftItem.minecraft.coal":17,"stat.jump":1987,"stat.pickup.minecraft.fence":2,"stat.pickup.minecraft.coal":58,"stat.pickup.minecraft.iron_helmet":1,"stat.fallOneCm":42785,"stat.pickup.minecraft.carrot":1,"stat.useItem.minecraft.stone_axe":49,"stat.craftItem.minecraft.bread":44,"stat.crouchOneCm":32212,"stat.craftItem.minecraft.iron_ingot":31,"stat.pickup.minecraft.dirt":9,"stat.pickup.minecraft.red_mushroom":1,"stat.craftingTableInteraction":30,"stat.pickup.minecraft.iron_ore":42,"stat.mineBlock.minecraft.iron_bars":6,"reaper.kill":1,"stat.mineBlock.minecraft.log2":2,"stat.damageTaken":1762,"stat.pickup.minecraft.leather":18,"stat.pickup.notreepunching.rock/stone":78,"stat.pickup.lycanitesmobs.raw_maka_meat":5,"stat.mineBlock.minecraft.furnace":4,"stat.useItem.minecraft.furnace":2,"stat.craftItem.simpledifficulty.iron_canteen":4,"stat.pickup.minecraft.log2":2,"stat.pickup.minecraft.dye":2,"stat.pickup.minecraft.planks":9,"stat.pickup.minecraft.reeds":3,"stat.pickup.minecraft.wheat_seeds":2,"stat.useItem.minecraft.stone_pickaxe":141,"stat.useItem.minecraft.stone_sword":125,"stat.damageDealt":6965,"stat.useItem.minecraft.wool":13,"stat.sleepInBed":9,"stat.mineBlock.minecraft.dirt":5,"stat.killEntity.Pig":24,"stat.pickup.minecraft.chainmail_boots":1,"geonach.kill":2,"stat.walkOneCm":180015,"stat.drop.minecraft.paper":1,"stat.useItem.minecraft.bread":12,"stat.drop.minecraft.wheat":1,"stat.pickup.minecraft.stick":16,"stat.pickup.spartanweaponry.longsword_bronze":2,"stat.craftItem.simpledifficulty.canteen":1,"stat.pickup.minecraft.crafting_table":1,"stat.useItem.minecraft.cobblestone":7,"stat.mineBlock.minecraft.double_plant":2,"stat.pickup.simpledifficulty.charcoal_filter":3,"stat.pickup.minecraft.log":18,"stat.pickup.minecraft.iron_pickaxe":1,"stat.pickup.minecraft.stone":24,"stat.craftItem.grapplemod.grapplinghook":2,"stat.mineBlock.minecraft.wool":1,"stat.pickup.minecraft.chainmail_leggings":1,"stat.drop.spartanweaponry.longsword_bronze":1,"stat.mineBlock.minecraft.stonebrick":2,"stat.killEntity.Spider":1,"stat.mobKills":49,"stat.pickup.minecraft.quartz":6,"stat.craftItem.minecraft.lead":2,"stat.craftItem.minecraft.paper":3,"stat.sneakTime":7681,"stat.pickup.minecraft.wool":1,"stat.craftItem.minecraft.cobblestone":13,"stat.mineBlock.minecraft.stone":37}