{"stat.cakeSlicesEaten":4,"stat.drop.minecraft.stone_pickaxe":4,"stat.useItem.minecraft.bow":12,"stat.pickup.minecraft.bone":2,"stat.pickup.minecraft.redstone_torch":1,"stat.leaveGame":1,"stat.mineBlock.minecraft.cobblestone":17,"stat.useItem.minecraft.log2":1,"stat.pickup.minecraft.stone_pickaxe":2,"stat.drop.grapplemod.grapplinghook":1,"stat.swimOneCm":29484,"stat.mineBlock.minecraft.diamond_block":1,"stat.climbOneCm":9535,"stat.pickup.minecraft.enchanted_book":1,"stat.useItem.minecraft.planks":6,"stat.drop.minecraft.cobblestone":6,"stat.pickup.minecraft.glowstone_dust":41,"stat.drop.minecraft.bowl":1,"stat.pickup.minecraft.porkchop":21,"stat.pickup.spartanshields.shield_basic_wood":1,"stat.useItem.minecraft.stone_slab2":13,"stat.useItem.minecraft.water_bucket":11,"stat.pickup.roughtweaks.plaster":1,"stat.craftItem.minecraft.stone_axe":2,"stat.craftItem.minecraft.iron_boots":1,"stat.craftItem.minecraft.stone_pickaxe":2,"stat.pickup.minecraft.cobblestone":12,"stat.pickup.notreepunching.rock/marble":3,"stat.craftItem.minecraft.stone_sword":1,"stat.flyOneCm":493856,"stat.craftItem.simpledifficulty.charcoal_filter":3,"stat.pickup.minecraft.chainmail_chestplate":1,"stat.mineBlock.minecraft.sand":1,"stat.drop.simpledifficulty.iron_canteen":4,"stat.pickup.spartanshields.shield_basic_stone":2,"stat.drop.minecraft.wheat_seeds":2,"stat.pickup.quark.tallow":26,"stat.mineBlock.minecraft.iron_ore":75,"yale.kill":17,"stat.timeSinceDeath":106517,"stat.useItem.minecraft.iron_pickaxe":124,"stat.pickup.minecraft.mossy_cobblestone":1,"stat.pickup.minecraft.chainmail_helmet":1,"stat.mineBlock.minecraft.vine":3,"stat.pickup.minecraft.stonebrick":2,"stat.furnaceInteraction":55,"stat.drop.minecraft.dirt":1,"stat.useItem.minecraft.cooked_porkchop":9,"stat.mineBlock.minecraft.coal_ore":77,"stat.pickup.comforts.sleeping_bag":6,"stat.pickup.minecraft.furnace":4,"stat.craftItem.minecraft.stone_slab2":0,"stat.pickup.minecraft.paper":1,"stat.sprintOneCm":318564,"stat.useItem.rustic.wildberries":1,"stat.drop.minecraft.leather":1,"stat.killEntity.Horse":7,"stat.mineBlock.minecraft.crafting_table":1,"stat.waystones:waystonesActivated":2,"stat.mineBlock.quark.marble":1,"stat.mineBlock.minecraft.planks":1,"stat.drop":25,"stat.playOneMinute":106517,"stat.killEntity.Sheep":1,"stat.pickup.minecraft.slime_ball":3,"stat.craftItem.minecraft.iron_pickaxe":2,"stat.pickup.minecraft.diamond_block":1,"aspid.kill":1,"stat.killEntity.Zombie":2,"stat.pickup.lycanitesmobs.raw_yale_meat":7,"stat.drop.minecraft.bread":1,"stat.pickup.minecraft.iron_bars":4,"stat.drop.minecraft.glass_bottle":1,"stat.mineBlock.minecraft.tallgrass":26,"stat.diveOneCm":11646,"stat.chestOpened":26,"stat.mineBlock.minecraft.mossy_cobblestone":1,"stat.useItem.minecraft.stone":20,"stat.craftItem.minecraft.cooked_porkchop":21,"maka.kill":3,"stat.pickup.minecraft.obsidian":1,"stat.pickup.simpledifficulty.iron_canteen":4,"stat.useItem.minecraft.potion":1,"stat.craftItem.minecraft.coal":17,"stat.jump":2187,"stat.pickup.minecraft.fence":2,"stat.pickup.minecraft.coal":62,"stat.pickup.minecraft.iron_helmet":1,"stat.fallOneCm":46495,"stat.pickup.minecraft.carrot":1,"stat.useItem.minecraft.stone_axe":67,"stat.craftItem.minecraft.bread":44,"stat.crouchOneCm":37626,"stat.craftItem.minecraft.iron_ingot":58,"stat.pickup.minecraft.dirt":11,"stat.craftItem.minecraft.iron_helmet":2,"stat.pickup.minecraft.red_mushroom":1,"stat.craftingTableInteraction":34,"stat.pickup.minecraft.iron_ore":72,"stat.mineBlock.minecraft.iron_bars":6,"reaper.kill":1,"stat.mineBlock.minecraft.log2":2,"stat.damageTaken":1874,"stat.pickup.minecraft.leather":18,"stat.pickup.notreepunching.rock/stone":91,"stat.pickup.lycanitesmobs.raw_maka_meat":5,"stat.mineBlock.minecraft.furnace":4,"stat.useItem.minecraft.furnace":2,"stat.dispenserInspected":1,"stat.craftItem.simpledifficulty.iron_canteen":5,"stat.pickup.minecraft.log2":2,"stat.pickup.minecraft.dye":2,"stat.pickup.minecraft.planks":9,"stat.pickup.minecraft.reeds":3,"stat.pickup.minecraft.wheat_seeds":2,"stat.useItem.minecraft.stone_pickaxe":141,"stat.mineBlock.minecraft.glass":1,"stat.useItem.minecraft.stone_sword":127,"stat.craftItem.minecraft.iron_leggings":1,"stat.damageDealt":8226,"stat.useItem.minecraft.wool":19,"stat.sleepInBed":9,"stat.mineBlock.minecraft.dirt":6,"stat.killEntity.Pig":24,"stat.pickup.minecraft.chainmail_boots":1,"geonach.kill":2,"stat.walkOneCm":204202,"stat.drop.minecraft.paper":1,"stat.useItem.minecraft.bread":12,"stat.drop.minecraft.wheat":1,"stat.pickup.minecraft.stick":16,"stat.pickup.spartanweaponry.longsword_bronze":2,"stat.craftItem.simpledifficulty.canteen":2,"stat.pickup.minecraft.crafting_table":1,"stat.useItem.minecraft.cobblestone":7,"stat.pickup.lycanitesmobs.embercharge":2,"stat.mineBlock.minecraft.double_plant":2,"stat.pickup.simpledifficulty.charcoal_filter":3,"stat.pickup.minecraft.log":18,"stat.pickup.minecraft.iron_pickaxe":1,"stat.pickup.minecraft.stone":24,"stat.craftItem.grapplemod.grapplinghook":2,"stat.craftItem.minecraft.iron_chestplate":1,"stat.mineBlock.minecraft.wool":1,"stat.pickup.minecraft.chainmail_leggings":1,"stat.drop.spartanweaponry.longsword_bronze":1,"stat.mineBlock.minecraft.stonebrick":2,"stat.killEntity.Spider":1,"stat.mineBlock.minecraft.glowstone":13,"stat.mobKills":60,"stat.pickup.minecraft.quartz":6,"stat.craftItem.minecraft.lead":2,"stat.pickup.potionfingers.ring":1,"stat.craftItem.minecraft.paper":3,"stat.sneakTime":9057,"stat.pickup.minecraft.wool":4,"stat.craftItem.minecraft.cobblestone":13,"stat.mineBlock.minecraft.stone":44}