{"stat.cakeSlicesEaten":4,"stat.drop.minecraft.stone_pickaxe":5,"stat.useItem.minecraft.bow":66,"stat.pickup.minecraft.bone":2,"stat.pickup.minecraft.redstone_torch":1,"stat.leaveGame":2,"stat.mineBlock.minecraft.cobblestone":32,"stat.useItem.minecraft.log2":1,"stat.pickup.minecraft.stone_pickaxe":3,"stat.drop.grapplemod.grapplinghook":1,"stat.swimOneCm":43914,"stat.mineBlock.minecraft.diamond_block":1,"stat.climbOneCm":12185,"stat.pickup.minecraft.enchanted_book":1,"stat.useItem.minecraft.planks":9,"stat.drop.minecraft.cobblestone":6,"stat.pickup.minecraft.glowstone_dust":42,"stat.drop.minecraft.bowl":1,"stat.pickup.minecraft.porkchop":21,"stat.pickup.spartanshields.shield_basic_wood":1,"stat.useItem.minecraft.stone_slab2":27,"stat.pickup.minecraft.iron_boots":1,"stat.useItem.minecraft.water_bucket":11,"stat.pickup.minecraft.rotten_flesh":7,"stat.craftItem.minecraft.furnace":2,"stat.pickup.roughtweaks.plaster":1,"stat.craftItem.minecraft.stone_axe":3,"stat.craftItem.minecraft.iron_boots":1,"stat.craftItem.minecraft.stone_pickaxe":2,"stat.pickup.minecraft.cobblestone":46,"stat.mineBlock.qualitytools.reforging_station":2,"stat.pickup.notreepunching.rock/marble":3,"stat.craftItem.minecraft.stone_sword":1,"stat.flyOneCm":605668,"stat.craftItem.simpledifficulty.charcoal_filter":3,"stat.pickup.minecraft.chainmail_chestplate":1,"stat.mineBlock.minecraft.sand":1,"stat.drop.simpledifficulty.iron_canteen":4,"stat.pickup.spartanshields.shield_basic_stone":2,"stat.drop.minecraft.wheat_seeds":2,"stat.pickup.quark.tallow":26,"stat.mineBlock.minecraft.iron_ore":90,"yale.kill":17,"stat.timeSinceDeath":158163,"stat.useItem.minecraft.iron_pickaxe":293,"stat.drop.minecraft.log":1,"stat.pickup.minecraft.mossy_cobblestone":3,"stat.craftItem.minecraft.iron_block":3,"stat.pickup.minecraft.chainmail_helmet":1,"stat.mineBlock.minecraft.vine":3,"stat.pickup.minecraft.stonebrick":2,"stat.furnaceInteraction":81,"stat.drop.minecraft.dirt":1,"stat.useItem.minecraft.cooked_porkchop":9,"stat.mineBlock.minecraft.coal_ore":135,"stat.killEntity.Creeper":1,"makaalpha.kill":2,"stat.pickup.comforts.sleeping_bag":11,"stat.pickup.minecraft.furnace":5,"stat.craftItem.minecraft.stone_slab2":0,"stat.pickup.minecraft.paper":1,"stat.sprintOneCm":386143,"stat.useItem.rustic.wildberries":1,"stat.pickup.minecraft.iron_chestplate":1,"stat.drop.minecraft.leather":1,"stat.mineBlock.minecraft.stone_slab":7,"stat.craftItem.minecraft.stick":48,"stat.killEntity.Horse":7,"stat.craftItem.notreepunching.saw/iron":1,"stat.craftItem.minecraft.stone":3,"stat.mineBlock.minecraft.crafting_table":1,"stat.waystones:waystonesActivated":2,"stat.pickup.dynamictrees.oakseed":1,"stat.mineBlock.quark.marble":1,"stat.mineBlock.minecraft.planks":10,"stat.pickup.lycanitesmobs.geistliver":1,"stat.drop":33,"stat.playOneMinute":158163,"stat.killEntity.Sheep":2,"stat.pickup.minecraft.slime_ball":3,"stat.craftItem.minecraft.iron_pickaxe":3,"stat.pickup.minecraft.diamond_block":1,"aspid.kill":1,"stat.killEntity.Zombie":10,"stat.pickup.lycanitesmobs.raw_yale_meat":7,"stat.drop.minecraft.bread":1,"stat.pickup.minecraft.iron_bars":4,"stat.drop.minecraft.glass_bottle":2,"stat.mineBlock.minecraft.tallgrass":39,"stat.diveOneCm":15449,"stat.chestOpened":26,"stat.mineBlock.minecraft.mossy_cobblestone":5,"stat.pickup.scalinghealth.heartdust":1,"stat.pickup.mujmajnkraftsbettersurvival.itembigshield":1,"stat.useItem.minecraft.stone":20,"stat.pickup.minecraft.arrow":2,"stat.craftItem.minecraft.cooked_porkchop":21,"maka.kill":8,"stat.pickup.firstaid.plaster":2,"stat.pickup.minecraft.stone_axe":1,"stat.pickup.minecraft.obsidian":1,"stat.pickup.simpledifficulty.iron_canteen":4,"stat.useItem.minecraft.potion":2,"stat.craftItem.qualitytools.reforging_station":1,"stat.pickup.spartanweaponry.battleaxe_iron":1,"stat.craftItem.minecraft.coal":17,"geist.kill":1,"stat.drop.minecraft.iron_pickaxe":1,"stat.jump":2747,"stat.pickup.minecraft.fence":2,"stat.pickup.minecraft.coal":114,"stat.pickup.minecraft.iron_helmet":2,"stat.fallOneCm":64065,"stat.pickup.minecraft.iron_ingot":46,"stat.pickup.scalinghealth.crystalshard":8,"stat.pickup.minecraft.carrot":1,"stat.useItem.minecraft.stone_axe":102,"stat.craftItem.minecraft.bread":44,"stat.crouchOneCm":58212,"stat.craftItem.minecraft.iron_ingot":71,"stat.pickup.minecraft.dirt":22,"stat.craftItem.minecraft.iron_helmet":2,"stat.pickup.minecraft.red_mushroom":1,"stat.craftingTableInteraction":54,"stat.pickup.minecraft.iron_ore":88,"stat.mineBlock.minecraft.iron_bars":6,"reaper.kill":1,"stat.mineBlock.minecraft.log2":2,"stat.damageTaken":3125,"stat.pickup.minecraft.leather":27,"stat.pickup.notreepunching.rock/stone":198,"stat.pickup.lycanitesmobs.raw_maka_meat":13,"stat.mineBlock.minecraft.furnace":5,"stat.useItem.minecraft.furnace":3,"stat.dispenserInspected":1,"stat.craftItem.simpledifficulty.iron_canteen":6,"stat.pickup.minecraft.log2":2,"stat.pickup.minecraft.dye":2,"stat.pickup.minecraft.planks":27,"stat.pickup.minecraft.reeds":3,"stat.pickup.minecraft.iron_leggings":1,"stat.pickup.minecraft.wheat_seeds":2,"stat.mineBlock.minecraft.gravel":1,"stat.useItem.minecraft.stone_pickaxe":141,"stat.mineBlock.minecraft.glass":1,"stat.useItem.minecraft.stone_sword":129,"stat.craftItem.minecraft.iron_leggings":1,"stat.damageDealt":11354,"stat.useItem.minecraft.wool":27,"stat.sleepInBed":13,"stat.craftItem.minecraft.anvil":1,"stat.killEntity.Cow":1,"stat.mineBlock.minecraft.dirt":25,"stat.pickup.qualitytools.reforging_station":2,"stat.killEntity.Pig":24,"stat.pickup.minecraft.chainmail_boots":1,"geonach.kill":3,"stat.walkOneCm":295600,"stat.drop.minecraft.paper":1,"stat.useItem.minecraft.bread":23,"stat.drop.minecraft.wheat":1,"stat.pickup.minecraft.stick":26,"stat.pickup.spartanweaponry.longsword_bronze":3,"stat.craftItem.simpledifficulty.canteen":2,"stat.pickup.minecraft.crafting_table":1,"stat.useItem.minecraft.log":4,"stat.useItem.minecraft.cobblestone":60,"stat.pickup.lycanitesmobs.embercharge":2,"stat.craftItem.minecraft.crafting_table":2,"spriggan.kill":1,"stat.mineBlock.minecraft.double_plant":2,"stat.pickup.simpledifficulty.charcoal_filter":3,"stat.pickup.minecraft.log":50,"stat.pickup.minecraft.iron_pickaxe":2,"stat.pickup.minecraft.stone":31,"stat.craftItem.grapplemod.grapplinghook":2,"stat.drop.minecraft.planks":4,"stat.craftItem.minecraft.iron_chestplate":1,"stat.mineBlock.minecraft.wool":2,"stat.pickup.minecraft.chainmail_leggings":1,"stat.pickup.wearablebackpacks.backpack":1,"stat.drop.spartanweaponry.longsword_bronze":1,"stat.pickup.minecraft.gold_ingot":1,"stat.killEntity.Skeleton":3,"stat.mineBlock.minecraft.stonebrick":2,"stat.killEntity.Spider":1,"stat.mineBlock.minecraft.glowstone":13,"stat.mobKills":87,"stat.pickup.minecraft.quartz":8,"stat.useItem.minecraft.golden_apple":2,"stat.craftItem.minecraft.lead":2,"stat.pickup.potionfingers.ring":1,"stat.craftItem.minecraft.paper":3,"stat.sneakTime":16967,"stat.pickup.minecraft.wool":5,"stat.useItem.spartanweaponry.longsword_bronze":24,"stat.pickup.minecraft.stone_slab":12,"stat.craftItem.minecraft.cobblestone":51,"stat.mineBlock.minecraft.stone":92}