{"stat.pickup.iceandfire.fire_dragon_flesh":4,"stat.leaveGame":4,"stat.useItem.lycanitesmobs.cooked_maka_meat":5,"stat.useItem.minecraft.mutton":2,"ventoraptor.kill":1,"stat.mineBlock.minecraft.web":20,"stat.pickup.minecraft.porkchop":4,"stat.mineBlock.minecraft.stone_brick_stairs":1,"stat.useItem.mujmajnkraftsbettersurvival.itemironnunchaku":84,"stat.craftItem.minecraft.stone_axe":3,"stat.pickup.minecraft.wooden_hoe":1,"stat.craftItem.minecraft.stone_sword":1,"stat.pickup.minecraft.chainmail_chestplate":1,"stat.drop.simpledifficulty.iron_canteen":1,"stat.mineBlock.minecraft.sand":2,"stat.pickup.quark.tallow":1,"stat.useItem.minecraft.iron_pickaxe":25,"stat.craftItem.wearablebackpacks.backpack":1,"stat.pickup.lycanitesmobs.raw_joust_meat":7,"stat.pickup.minecraft.armor_stand":1,"stat.mineBlock.minecraft.vine":1,"stat.furnaceInteraction":87,"stat.craftItem.spartanweaponry.material":2,"stat.pickup.iceandfire.dragon_skull":1,"stat.pickup.minecraft.filled_map":1,"stat.pickup.defiledlands.essence_mourner":1,"stat.pickup.minecraft.beef":4,"stat.pickup.minecraft.furnace":8,"stat.useItem.minecraft.cooked_mutton":4,"stat.useItem.rustic.wildberries":2,"stat.pickup.minecraft.iron_chestplate":2,"stat.killEntity.Horse":10,"stat.mineBlock.minecraft.fence":2,"stat.pickup.minecraft.egg":14,"stat.playOneMinute":145349,"stat.pickup.minecraft.iron_bars":1,"stat.drop.minecraft.iron_ingot":4,"stat.mineBlock.minecraft.tallgrass":97,"stat.craftItem.minecraft.cooked_mutton":5,"stat.pickup.minecraft.cooked_mutton":8,"stat.chestOpened":49,"stat.pickup.scalinghealth.heartdust":1,"stat.pickup.minecraft.iron_sword":2,"maka.kill":8,"stat.craftItem.minecraft.coal":16,"stat.craftItem.minecraft.iron_nugget":27,"stat.useItem.lycanitesmobs.cooked_yale_meat":2,"stat.fallOneCm":73377,"stat.drop.minecraft.dye":1,"stat.pickup.foodexpansion.itemwolfmeat":2,"stat.crouchOneCm":46878,"stat.craftItem.minecraft.iron_ingot":43,"stat.craftingTableInteraction":35,"stat.useItem.lycanitesmobs.cooked_joust_meat":3,"stat.pickup.minecraft.feather":17,"stat.useItem.minecraft.furnace":2,"stat.craftItem.simpledifficulty.iron_canteen":7,"stat.pickup.minecraft.dye":3,"stat.pickup.minecraft.planks":22,"stat.pickup.minecraft.iron_leggings":2,"stat.pickup.minecraft.wheat_seeds":4,"stat.drop.iceandfire.fire_dragon_heart":1,"stat.useItem.minecraft.stone_pickaxe":109,"stat.useItem.minecraft.stone_sword":129,"stat.drop.minecraft.carpet":1,"stat.useItem.minecraft.wool":18,"stat.mineBlock.minecraft.dirt":8,"arisaur.kill":5,"stat.pickup.minecraft.chainmail_boots":1,"stat.drop.minecraft.stick":3,"stat.useItem.minecraft.bread":6,"joustalpha.kill":1,"stat.drop.minecraft.porkchop":1,"stat.craftItem.simpledifficulty.canteen":2,"stat.useItem.minecraft.log":1,"stat.craftItem.minecraft.crafting_table":2,"stat.mineBlock.minecraft.double_plant":6,"stat.useItem.toolbelt.belt":2,"stat.pickup.toolbelt.belt":1,"stat.pickup.minecraft.log":23,"stat.drop.minecraft.iron_ore":1,"stat.pickup.minecraft.chicken":1,"stat.pickup.lycanitesmobs.cooked_joust_meat":9,"stat.pickup.minecraft.chainmail_leggings":1,"stat.pickup.wearablebackpacks.backpack":1,"stat.pickup.minecraft.coal_block":1,"stat.useItem.minecraft.iron_sword":44,"stat.pickup.minecraft.stone_sword":1,"stat.mineBlock.minecraft.log":12,"stat.pickup.iceandfire.dragonbone":8,"stat.craftItem.minecraft.paper":15,"stat.sneakTime":10864,"stat.craftItem.mujmajnkraftsbettersurvival.itemironnunchaku":1,"stat.pickup.minecraft.wool":75,"stat.useItem.minecraft.web":8,"stat.drop.foodexpansion.itemhorsemeat":4,"stat.pickup.minecraft.bone":2,"stat.mineBlock.minecraft.cobblestone":13,"stat.pickup.minecraft.stone_pickaxe":1,"stat.pickup.iceandfire.deathworm_chitin":4,"stat.mineBlock.minecraft.stained_glass_pane":4,"stat.swimOneCm":20927,"stat.climbOneCm":18006,"stat.useItem.spartanweaponry.rapier_iron":49,"stat.pickup.foodexpansion.itemhorsemeat":4,"stat.useItem.minecraft.dirt":16,"stat.useItem.minecraft.stone_slab2":30,"stat.pickup.minecraft.iron_boots":3,"stat.killEntity.deathworm":1,"stat.craftItem.spartanweaponry.crossbow_iron":1,"stat.pickup.minecraft.cobblestone":8,"stat.craftItem.minecraft.bow":1,"stat.mineBlock.minecraft.carpet":2,"stat.flyOneCm":701261,"stat.craftItem.simpledifficulty.charcoal_filter":27,"stat.drop.minecraft.wheat_seeds":1,"stat.mineBlock.minecraft.iron_ore":51,"yale.kill":15,"stat.timeSinceDeath":145349,"stat.pickup.minecraft.mutton":25,"stat.pickup.minecraft.mossy_cobblestone":1,"stat.drop.minecraft.coal":2,"stat.craftItem.lycanitesmobs.cooked_maka_meat":4,"stat.mineBlock.minecraft.coal_block":1,"stat.pickup.minecraft.chainmail_helmet":1,"stat.pickup.minecraft.stonebrick":2,"stat.pickup.minecraft.carpet":2,"stat.drop.minecraft.wool":3,"stat.mineBlock.minecraft.coal_ore":22,"stat.talkedToVillager":1,"stat.useItem.spartanweaponry.crossbow_iron":82,"stat.pickup.minecraft.string":16,"stat.pickup.spartanweaponry.bolt":12,"stat.craftItem.minecraft.stone_slab2":0,"stat.pickup.lycanitesmobs.raw_arisaur_meat":6,"stat.craftItem.lycanitesmobs.cooked_joust_meat":11,"stat.sprintOneCm":398852,"stat.pickup.minecraft.paper":28,"stat.drop.minecraft.leather":7,"stat.craftItem.spartanweaponry.bolt":68,"stat.mineBlock.rustic.rope":2,"stat.waystones:waystonesActivated":4,"stat.killEntity.familiarfauna.deer":1,"stat.mineBlock.minecraft.planks":7,"stat.drop":35,"stat.killEntity.Sheep":28,"joust.kill":6,"stat.drop.minecraft.iron_boots":1,"stat.pickup.lycanitesmobs.raw_yale_meat":33,"stat.killEntity.Zombie":1,"stat.diveOneCm":25930,"stat.mineBlock.minecraft.mossy_cobblestone":1,"stat.craftItem.spartanweaponry.rapier_iron":1,"stat.pickup.iceandfire.dragonscales_bronze":48,"stat.useItem.minecraft.porkchop":2,"stat.jump":3265,"stat.pickup.minecraft.fence":1,"stat.pickup.minecraft.coal":44,"stat.pickup.minecraft.iron_helmet":2,"stat.pickup.minecraft.iron_ingot":7,"stat.pickup.scalinghealth.crystalshard":1,"stat.useItem.minecraft.stone_axe":63,"stat.craftItem.minecraft.bread":66,"stat.pickup.minecraft.dirt":19,"stat.craftItem.comforts.sleeping_bag":1,"stat.pickup.minecraft.iron_ore":84,"stat.pickup.iceandfire.fire_dragon_heart":2,"stat.mineBlock.minecraft.iron_bars":1,"reaper.kill":1,"stat.pickup.iceandfire.iceandfire.deathworm_egg":1,"stat.mineBlock.minecraft.glass_pane":1,"stat.damageTaken":1618,"stat.pickup.minecraft.leather":53,"stat.pickup.lycanitesmobs.raw_maka_meat":13,"stat.pickup.notreepunching.rock/stone":46,"stat.mineBlock.minecraft.furnace":8,"stat.pickup.minecraft.reeds":3,"stat.killEntity.CaveSpider":1,"stat.pickup.minecraft.bed":8,"stat.damageDealt":12975,"stat.sleepInBed":11,"stat.killEntity.Cow":2,"stat.killEntity.Pig":4,"stat.walkOneCm":325804,"stat.pickup.minecraft.stick":18,"stat.pickup.lycanitesmobs.cooked_maka_meat":1,"stat.pickup.minecraft.stone":5,"stat.drop.simpledifficulty.charcoal_filter":4,"stat.useItem.rustic.grapes":8,"stat.pickup.minecraft.cooked_beef":14,"stat.pickup.minecraft.gold_ingot":2,"stat.pickup.lycanitesmobs.cooked_arisaur_meat":2,"stat.mineBlock.minecraft.stonebrick":4,"stat.killEntity.Chicken":10,"stat.pickup.rustic.grapes":80,"stat.pickup.minecraft.bread":1,"stat.mobKills":97,"stat.useItem.minecraft.golden_apple":1,"stat.craftItem.lycanitesmobs.cooked_yale_meat":29,"stat.killEntity.firedragon":1,"stat.mineBlock.minecraft.stone":24}