{"stat.pickup.dynamictrees.acaciaseed":1,"stat.useItem.minecraft.string":1,"stat.useItem.minecraft.bow":107,"stat.drop.foodexpansion.itemhorsemeat":1,"stat.mineBlock.rustic.vase":2,"stat.leaveGame":2,"stat.mineBlock.minecraft.cobblestone":8,"stat.useItem.minecraft.log2":5,"stat.pickup.minecraft.flint":2,"stat.pickup.minecraft.leather_chestplate":2,"stat.craftItem.notreepunching.grass_string":5,"stat.swimOneCm":32654,"stat.climbOneCm":3162,"stat.useItem.minecraft.planks":41,"stat.useItem.spartanweaponry.rapier_iron":48,"stat.drop.minecraft.feather":3,"stat.pickup.minecraft.porkchop":52,"stat.pickup.foodexpansion.itemhorsemeat":4,"stat.useItem.minecraft.dirt":2,"stat.useItem.minecraft.stone_slab2":27,"stat.mineBlock.minecraft.red_sandstone":1,"stat.useItem.minecraft.water_bucket":6,"stat.drop.minecraft.iron_sword":1,"silex.kill":1,"stat.drop.notreepunching.rock/red_sandstone":4,"stat.drop.locks.wood_lock_pick":1,"stat.craftItem.minecraft.stone_axe":3,"stat.craftItem.spartanweaponry.crossbow_iron":1,"stat.craftItem.minecraft.stone_pickaxe":2,"stat.craftItem.minecraft.cooked_beef":8,"stat.pickup.minecraft.cobblestone":8,"stat.pickup.minecraft.leather_boots":1,"stat.mineBlock.minecraft.carpet":3,"stat.craftItem.minecraft.bow":1,"stat.killEntity.if_cockatrice":2,"stat.useItem.locks.wood_lock_pick":2,"stat.flyOneCm":537560,"stat.drop.quark.rune":1,"stat.craftItem.simpledifficulty.charcoal_filter":27,"stat.mineBlock.minecraft.sand":3,"stat.drop.minecraft.wheat_seeds":7,"stat.useItem.minecraft.cooked_beef":8,"stat.pickup.quark.tallow":63,"stat.mineBlock.minecraft.iron_ore":6,"yale.kill":1,"stat.timeSinceDeath":125135,"stat.craftItem.spartanshields.shield_basic_wood":2,"stat.craftItem.minecraft.wooden_pickaxe":1,"stat.pickup.minecraft.mutton":15,"stat.craftItem.wearablebackpacks.backpack":2,"stat.pickup.lycanitesmobs.raw_joust_meat":1,"stat.trappedChestTriggered":5,"stat.drop.minecraft.rail":1,"stat.useItem.notreepunching.knife/flint":24,"stat.furnaceInteraction":38,"krake.kill":1,"stat.craftItem.spartanweaponry.material":3,"stat.useItem.minecraft.cooked_porkchop":6,"stat.pickup.minecraft.carpet":2,"stat.mineBlock.minecraft.coal_ore":10,"stat.killEntity.Creeper":1,"stat.talkedToVillager":7,"stat.pickup.minecraft.string":1,"stat.pickup.comforts.sleeping_bag":1,"stat.pickup.spartanshields.shield_tower_stone":1,"stat.pickup.minecraft.beef":22,"stat.pickup.quark.crab_leg":1,"stat.useItem.minecraft.cooked_mutton":1,"stat.useItem.spartanweaponry.saber_stone":25,"stat.useItem.spartanweaponry.warhammer_stone":56,"stat.craftItem.minecraft.stone_slab2":0,"stat.pickup.lycanitesmobs.raw_arisaur_meat":3,"stat.sprintOneCm":520314,"stat.craftItem.minecraft.stick":48,"stat.drop.roughtweaks.salve":1,"stat.drop.minecraft.prismarine_shard":1,"stat.killEntity.Horse":5,"stat.craftItem.notreepunching.saw/iron":1,"afrit.kill":1,"stat.useItem.minecraft.wheat_seeds":515,"stat.pickup.spartanweaponry.longbow_iron":1,"stat.waystones:waystonesActivated":2,"stat.pickup.minecraft.leather_leggings":1,"stat.pickup.lycanitesmobs.raw_krake_meat":1,"stat.deaths":1,"stat.drop":31,"stat.playOneMinute":159903,"stat.craftItem.spartanshields.shield_basic_stone":1,"stat.useItem.minecraft.wooden_sword":16,"stat.pickup.minecraft.stone_button":1,"stat.killEntity.Sheep":12,"joust.kill":6,"stat.pickup.minecraft.item_frame":1,"stat.mineBlock.minecraft.tallgrass":65,"stat.craftItem.minecraft.cooked_mutton":2,"stat.diveOneCm":20970,"stat.pickup.minecraft.wheat":394,"stat.pickup.minecraft.cooked_mutton":26,"stat.chestOpened":101,"stat.killEntity.quark:crab":3,"stat.drop.minecraft.wooden_pickaxe":1,"stat.pickup.minecraft.gravel":2,"stat.pickup.minecraft.arrow":32,"stat.craftItem.minecraft.cooked_porkchop":10,"maka.kill":6,"stat.pickup.minecraft.stone_axe":1,"stat.useItem.minecraft.porkchop":13,"stat.craftItem.minecraft.coal":9,"stat.jump":2821,"stat.pickup.minecraft.coal":11,"stat.fallOneCm":51836,"stat.useItem.minecraft.stone_axe":119,"stat.useItem.notreepunching.axe/flint":1,"stat.craftItem.minecraft.bread":34,"stat.crouchOneCm":46274,"stat.mineBlock.minecraft.chest":1,"stat.pickup.minecraft.rail":1,"stat.pickup.minecraft.dirt":7,"stat.drop.minecraft.bed":4,"stat.craftingTableInteraction":49,"stat.pickup.minecraft.iron_ore":6,"reaper.kill":2,"stat.mineBlock.minecraft.glass_pane":1,"stat.damageTaken":2449,"stat.pickup.minecraft.feather":5,"stat.pickup.minecraft.leather":31,"stat.pickup.lycanitesmobs.raw_maka_meat":8,"stat.pickup.notreepunching.rock/stone":94,"stat.drop.lycanitesmobs.raw_krake_meat":1,"stat.useItem.minecraft.reeds":12,"stat.useItem.minecraft.wooden_pickaxe":8,"stat.drop.spartanweaponry.longbow_iron":1,"stat.pickup.minecraft.prismarine_shard":1,"stat.pickup.minecraft.log2":6,"stat.craftItem.simpledifficulty.iron_canteen":3,"stat.pickup.minecraft.dye":1,"stat.pickup.minecraft.planks":16,"stat.pickup.minecraft.reeds":13,"stat.pickup.minecraft.bed":13,"stat.craftItem.spartanweaponry.warhammer_stone":1,"stat.pickup.minecraft.wheat_seeds":747,"stat.mineBlock.minecraft.gravel":5,"stat.pickup.notreepunching.rock/red_sandstone":4,"stat.useItem.minecraft.stone_pickaxe":62,"stat.damageDealt":10484,"stat.useItem.minecraft.wool":10,"stat.sleepInBed":11,"stat.killEntity.Cow":11,"stat.mineBlock.minecraft.dirt":9,"stat.killEntity.Pig":29,"arisaur.kill":2,"stat.craftItem.spartanweaponry.saber_stone":1,"stat.pickup.lycanitesmobs.raw_silex_meat":1,"stat.walkOneCm":404796,"stat.useItem.minecraft.bread":27,"stat.pickup.minecraft.stick":51,"joustalpha.kill":2,"stat.craftItem.simpledifficulty.canteen":2,"stat.useItem.minecraft.log":3,"stat.craftItem.minecraft.crafting_table":1,"stat.mineBlock.minecraft.double_plant":3,"stat.pickup.minecraft.log":26,"stat.craftItem.locks.wood_lock_pick":15,"stat.pickup.notreepunching.grass_fiber":15,"stat.pickup.minecraft.tnt":2,"stat.pickup.minecraft.chicken":2,"stat.mineBlock.minecraft.wool":1,"stat.pickup.minecraft.sapling":1,"stat.drop.firstaid.plaster":2,"abtu.kill":3,"stat.pickup.notreepunching.flint_shard":4,"stat.killEntity.Chicken":3,"stat.mobKills":97,"stat.mineBlock.minecraft.log":18,"stat.craftItem.notreepunching.axe/flint":1,"stat.mineBlock.minecraft.leaves":19,"stat.pickup.minecraft.torch":1,"stat.sneakTime":9635,"stat.pickup.minecraft.wool":7,"stat.drop.minecraft.stone_axe":1,"stat.craftItem.notreepunching.knife/flint":1,"stat.craftItem.minecraft.cobblestone":31,"stat.mineBlock.minecraft.stone":35}